2026-05-18 09:00:59 [INFO] api — 🚀 Démarrage API v3 — chargement des modèles ...
2026-05-18 09:00:59 [INFO] api —    ✅ reg_model ← models/best_regression_model.pkl
2026-05-18 09:00:59 [INFO] api —    ✅ clf_model ← models/best_classification_model.pkl
2026-05-18 09:00:59 [INFO] api —    ✅ preprocessor ← models/preprocessor.pkl
2026-05-18 09:00:59 [INFO] api —    ✅ pi_builder ← models/pi_builder.pkl
2026-05-18 09:00:59 [INFO] api —    ✅ feature_names ← models/feature_names.pkl
2026-05-18 09:00:59 [INFO] api —    ✅ reg_metrics ← models/regression_metrics.pkl
2026-05-18 09:00:59 [INFO] api —    ✅ clf_metrics ← models/classification_metrics.pkl
2026-05-18 09:00:59 [INFO] api —    ✅ label_encoder ← models/label_encoder.pkl
2026-05-18 09:00:59 [INFO] api — ✅ API v3 prête
2026-05-18 09:00:59 [INFO] feature_store — 🏪 FeatureStore initialisé → models/../feature_store/store.db
2026-05-18 09:00:59 [INFO] feature_store —    🏪 FeatureStore.read → 'geographic' vv1 | 374 entités | 108.1ms
2026-05-18 09:00:59 [INFO] api — [1cb86d2b] POST /predict → 200 [144.9ms]
2026-05-18 09:00:59 [INFO] feature_store — 🏪 FeatureStore initialisé → models/../feature_store/store.db
2026-05-18 09:00:59 [INFO] feature_store —    🏪 FeatureStore.read → 'geographic' vv1 | 374 entités | 38.7ms
2026-05-18 09:00:59 [INFO] api — [3e15f38c] POST /predict → 200 [49.9ms]
2026-05-18 09:00:59 [INFO] feature_store — 🏪 FeatureStore initialisé → models/../feature_store/store.db
2026-05-18 09:00:59 [INFO] feature_store —    🏪 FeatureStore.read → 'geographic' vv1 | 374 entités | 35.2ms
2026-05-18 09:00:59 [INFO] api — [e49c6b52] POST /predict → 200 [41.6ms]
2026-05-18 09:00:59 [INFO] feature_store — 🏪 FeatureStore initialisé → models/../feature_store/store.db
2026-05-18 09:00:59 [INFO] feature_store —    🏪 FeatureStore.read → 'geographic' vv1 | 374 entités | 37.0ms
2026-05-18 09:00:59 [INFO] api — [171c15f8] POST /predict → 200 [46.9ms]
2026-05-18 09:00:59 [INFO] feature_store — 🏪 FeatureStore initialisé → models/../feature_store/store.db
2026-05-18 09:00:59 [INFO] feature_store —    🏪 FeatureStore.read → 'geographic' vv1 | 374 entités | 36.1ms
2026-05-18 09:00:59 [INFO] api — [97314d2a] POST /predict → 200 [43.3ms]
2026-05-18 09:00:59 [INFO] feature_store — 🏪 FeatureStore initialisé → models/../feature_store/store.db
2026-05-18 09:00:59 [INFO] feature_store —    🏪 FeatureStore.read → 'geographic' vv1 | 374 entités | 35.6ms
2026-05-18 09:00:59 [INFO] api — [b27e6982] POST /predict → 200 [42.4ms]
2026-05-18 09:00:59 [INFO] feature_store — 🏪 FeatureStore initialisé → models/../feature_store/store.db
2026-05-18 09:00:59 [INFO] feature_store —    🏪 FeatureStore.read → 'geographic' vv1 | 374 entités | 34.6ms
2026-05-18 09:00:59 [INFO] api — [546186fd] POST /predict → 200 [40.2ms]
2026-05-18 09:00:59 [INFO] feature_store — 🏪 FeatureStore initialisé → models/../feature_store/store.db
2026-05-18 09:00:59 [INFO] feature_store —    🏪 FeatureStore.read → 'geographic' vv1 | 374 entités | 35.3ms
2026-05-18 09:00:59 [INFO] api — [afafe1c5] POST /predict → 200 [40.9ms]
2026-05-18 09:00:59 [INFO] feature_store — 🏪 FeatureStore initialisé → models/../feature_store/store.db
2026-05-18 09:00:59 [INFO] feature_store —    🏪 FeatureStore.read → 'geographic' vv1 | 374 entités | 35.3ms
2026-05-18 09:00:59 [INFO] api — [14b477e7] POST /predict → 200 [41.0ms]
2026-05-18 09:00:59 [INFO] feature_store — 🏪 FeatureStore initialisé → models/../feature_store/store.db
2026-05-18 09:00:59 [INFO] feature_store —    🏪 FeatureStore.read → 'geographic' vv1 | 374 entités | 35.2ms
2026-05-18 09:00:59 [INFO] api — [6cdae177] POST /predict → 200 [41.8ms]
2026-05-18 09:01:05 [INFO] api — 🚀 Démarrage API v3 — chargement des modèles ...
2026-05-18 09:01:05 [INFO] api —    ✅ reg_model ← models/best_regression_model.pkl
2026-05-18 09:01:05 [INFO] api —    ✅ clf_model ← models/best_classification_model.pkl
2026-05-18 09:01:05 [INFO] api —    ✅ preprocessor ← models/preprocessor.pkl
2026-05-18 09:01:05 [INFO] api —    ✅ pi_builder ← models/pi_builder.pkl
2026-05-18 09:01:05 [INFO] api —    ✅ feature_names ← models/feature_names.pkl
2026-05-18 09:01:05 [INFO] api —    ✅ reg_metrics ← models/regression_metrics.pkl
2026-05-18 09:01:05 [INFO] api —    ✅ clf_metrics ← models/classification_metrics.pkl
2026-05-18 09:01:05 [INFO] api —    ✅ label_encoder ← models/label_encoder.pkl
2026-05-18 09:01:05 [INFO] api — ✅ API v3 prête
2026-05-18 09:01:05 [INFO] api — [ff97dbf2] GET / → 200 [1.4ms]
2026-05-18 09:01:05 [INFO] api — [f25b89af] GET / → 200 [0.4ms]
2026-05-18 09:01:05 [INFO] api — [3fd63eae] GET / → 200 [0.3ms]
2026-05-18 09:01:05 [INFO] api — [f6e3a180] GET / → 200 [0.3ms]
2026-05-18 09:01:05 [INFO] api — [efbb5c62] GET / → 200 [0.4ms]
2026-05-18 09:01:05 [INFO] api — [098c4dac] GET /info → 200 [3.1ms]
2026-05-18 09:01:05 [INFO] api — [3ba231dd] GET /info → 200 [0.4ms]
2026-05-18 09:01:05 [INFO] api — [993771fb] GET /info → 200 [0.4ms]
2026-05-18 09:01:05 [INFO] api — [1053b011] GET /info → 200 [0.4ms]
2026-05-18 09:01:05 [INFO] api — [331efc1d] GET /info → 200 [0.4ms]
2026-05-18 09:01:05 [INFO] api — [d1124e68] GET /metrics → 404 [0.2ms]
2026-05-18 09:01:05 [INFO] api — [c91114d5] GET /metrics → 404 [0.4ms]
2026-05-18 09:01:05 [INFO] api — [a0aa0021] GET /metrics → 404 [0.3ms]
2026-05-18 09:01:05 [INFO] api — [ebd9c50c] GET /metrics → 404 [0.3ms]
2026-05-18 09:01:05 [INFO] feature_store — 🏪 FeatureStore initialisé → models/../feature_store/store.db
2026-05-18 09:01:05 [INFO] feature_store —    🏪 FeatureStore.read → 'geographic' vv1 | 374 entités | 49.1ms
2026-05-18 09:01:05 [INFO] api — [00e653b9] POST /predict → 200 [64.6ms]
2026-05-18 09:01:05 [INFO] feature_store — 🏪 FeatureStore initialisé → models/../feature_store/store.db
2026-05-18 09:01:05 [INFO] feature_store —    🏪 FeatureStore.read → 'geographic' vv1 | 374 entités | 37.5ms
2026-05-18 09:01:05 [INFO] api — [5c099370] POST /predict → 200 [44.6ms]
2026-05-18 09:01:05 [INFO] feature_store — 🏪 FeatureStore initialisé → models/../feature_store/store.db
2026-05-18 09:01:05 [INFO] feature_store —    🏪 FeatureStore.read → 'geographic' vv1 | 374 entités | 38.2ms
2026-05-18 09:01:05 [INFO] api — [b9f5bbc5] POST /predict → 200 [46.5ms]
2026-05-18 09:01:05 [INFO] feature_store — 🏪 FeatureStore initialisé → models/../feature_store/store.db
2026-05-18 09:01:05 [INFO] feature_store —    🏪 FeatureStore.read → 'geographic' vv1 | 374 entités | 37.5ms
2026-05-18 09:01:05 [INFO] api — [8de9201d] POST /predict → 200 [44.5ms]
2026-05-18 09:01:05 [INFO] feature_store — 🏪 FeatureStore initialisé → models/../feature_store/store.db
2026-05-18 09:01:05 [INFO] feature_store —    🏪 FeatureStore.read → 'geographic' vv1 | 374 entités | 38.9ms
2026-05-18 09:01:05 [INFO] api — [ec4ab787] POST /predict → 200 [46.9ms]
2026-05-18 09:01:05 [INFO] feature_store — 🏪 FeatureStore initialisé → models/../feature_store/store.db
2026-05-18 09:01:05 [INFO] feature_store —    🏪 FeatureStore.read → 'geographic' vv1 | 374 entités | 39.3ms
2026-05-18 09:01:05 [INFO] api — [74f9ab61] POST /predict → 200 [47.0ms]
2026-05-18 09:01:05 [INFO] feature_store — 🏪 FeatureStore initialisé → models/../feature_store/store.db
2026-05-18 09:01:05 [INFO] feature_store —    🏪 FeatureStore.read → 'geographic' vv1 | 374 entités | 37.8ms
2026-05-18 09:01:05 [INFO] api — [43454497] POST /predict → 200 [43.9ms]
2026-05-18 09:01:05 [INFO] feature_store — 🏪 FeatureStore initialisé → models/../feature_store/store.db
2026-05-18 09:01:05 [INFO] feature_store —    🏪 FeatureStore.read → 'geographic' vv1 | 374 entités | 37.6ms
2026-05-18 09:01:05 [INFO] api — [12ecefe2] POST /predict → 200 [44.4ms]
2026-05-18 09:01:05 [INFO] feature_store — 🏪 FeatureStore initialisé → models/../feature_store/store.db
2026-05-18 09:01:05 [INFO] feature_store —    🏪 FeatureStore.read → 'geographic' vv1 | 374 entités | 37.8ms
2026-05-18 09:01:05 [INFO] api — [cbac6e0a] POST /predict → 200 [44.8ms]
2026-05-18 09:01:05 [INFO] feature_store — 🏪 FeatureStore initialisé → models/../feature_store/store.db
2026-05-18 09:01:05 [INFO] feature_store —    🏪 FeatureStore.read → 'geographic' vv1 | 374 entités | 37.4ms
2026-05-18 09:01:05 [INFO] api — [6d597b74] POST /predict → 200 [45.6ms]
2026-05-18 09:01:05 [INFO] api — [7af2ad90] POST /predict → 422 [1.0ms]
2026-05-18 09:01:05 [INFO] api — [94797362] POST /predict → 422 [0.6ms]
2026-05-18 09:01:05 [INFO] api — [b705a716] POST /predict → 422 [1.0ms]
2026-05-18 09:01:05 [INFO] api — [1355ccb4] POST /predict → 422 [0.7ms]
2026-05-18 09:01:05 [INFO] api — [97337396] POST /predict → 422 [0.6ms]
2026-05-18 09:01:05 [INFO] api — [6e7d8763] POST /predict → 422 [1.3ms]
2026-05-18 09:01:05 [INFO] api — [b6c42f3e] POST /predict → 422 [0.6ms]
2026-05-18 09:01:05 [INFO] api — [9554e311] POST /predict → 422 [0.8ms]
2026-05-18 09:01:05 [INFO] api — [eb5d265d] POST /predict → 422 [0.4ms]
2026-05-18 09:01:05 [INFO] feature_store — 🏪 FeatureStore initialisé → models/../feature_store/store.db
2026-05-18 09:01:05 [INFO] feature_store —    🏪 FeatureStore.read → 'geographic' vv1 | 374 entités | 37.3ms
2026-05-18 09:01:05 [INFO] feature_store — 🏪 FeatureStore initialisé → models/../feature_store/store.db
2026-05-18 09:01:05 [INFO] feature_store —    🏪 FeatureStore.read → 'geographic' vv1 | 374 entités | 36.8ms
2026-05-18 09:01:05 [INFO] api — [168da435] POST /predict/batch → 200 [88.3ms]
2026-05-18 09:01:05 [INFO] feature_store — 🏪 FeatureStore initialisé → models/../feature_store/store.db
2026-05-18 09:01:05 [INFO] feature_store —    🏪 FeatureStore.read → 'geographic' vv1 | 374 entités | 39.6ms
2026-05-18 09:01:05 [INFO] feature_store — 🏪 FeatureStore initialisé → models/../feature_store/store.db
2026-05-18 09:01:05 [INFO] feature_store —    🏪 FeatureStore.read → 'geographic' vv1 | 374 entités | 37.5ms
2026-05-18 09:01:05 [INFO] feature_store — 🏪 FeatureStore initialisé → models/../feature_store/store.db
2026-05-18 09:01:05 [INFO] feature_store —    🏪 FeatureStore.read → 'geographic' vv1 | 374 entités | 36.9ms
2026-05-18 09:01:05 [INFO] api — [65258c70] POST /predict/batch → 200 [132.8ms]
2026-05-18 09:01:05 [INFO] feature_store — 🏪 FeatureStore initialisé → models/../feature_store/store.db
2026-05-18 09:01:05 [INFO] feature_store —    🏪 FeatureStore.read → 'geographic' vv1 | 374 entités | 39.7ms
2026-05-18 09:01:05 [INFO] api — [ba5095be] POST /predict/batch → 200 [47.0ms]
2026-05-18 09:01:05 [INFO] feature_store — 🏪 FeatureStore initialisé → models/../feature_store/store.db
2026-05-18 09:01:05 [INFO] feature_store —    🏪 FeatureStore.read → 'geographic' vv1 | 374 entités | 38.2ms
2026-05-18 09:01:05 [INFO] feature_store — 🏪 FeatureStore initialisé → models/../feature_store/store.db
2026-05-18 09:01:05 [INFO] feature_store —    🏪 FeatureStore.read → 'geographic' vv1 | 374 entités | 36.6ms
2026-05-18 09:01:06 [INFO] api — [ad4cf5f1] POST /predict/batch → 200 [88.7ms]
2026-05-18 09:01:06 [INFO] api — [95a8cca9] POST /predict/batch → 200 [0.8ms]
2026-05-18 09:01:06 [INFO] feature_store — 🏪 FeatureStore initialisé → models/../feature_store/store.db
2026-05-18 09:01:06 [INFO] feature_store —    🏪 FeatureStore.read → 'geographic' vv1 | 374 entités | 38.1ms
2026-05-18 09:01:06 [INFO] api — [171930b0] POST /predict/batch → 200 [45.7ms]
2026-05-18 09:01:06 [INFO] api — 🚀 Démarrage API v3 — chargement des modèles ...
2026-05-18 09:01:06 [INFO] api —    ✅ reg_model ← models/best_regression_model.pkl
2026-05-18 09:01:06 [INFO] api —    ✅ clf_model ← models/best_classification_model.pkl
2026-05-18 09:01:06 [INFO] api —    ✅ preprocessor ← models/preprocessor.pkl
2026-05-18 09:01:06 [INFO] api —    ✅ pi_builder ← models/pi_builder.pkl
2026-05-18 09:01:06 [INFO] api —    ✅ feature_names ← models/feature_names.pkl
2026-05-18 09:01:06 [INFO] api —    ✅ reg_metrics ← models/regression_metrics.pkl
2026-05-18 09:01:06 [INFO] api —    ✅ clf_metrics ← models/classification_metrics.pkl
2026-05-18 09:01:06 [INFO] api —    ✅ label_encoder ← models/label_encoder.pkl
2026-05-18 09:01:06 [INFO] api — ✅ API v3 prête
2026-05-18 09:01:06 [INFO] api — [a7e60ace] POST /predict → 401 [0.7ms]
2026-05-18 09:01:06 [INFO] api — 🚀 Démarrage API v3 — chargement des modèles ...
2026-05-18 09:01:06 [INFO] api —    ✅ reg_model ← models/best_regression_model.pkl
2026-05-18 09:01:06 [INFO] api —    ✅ clf_model ← models/best_classification_model.pkl
2026-05-18 09:01:06 [INFO] api —    ✅ preprocessor ← models/preprocessor.pkl
2026-05-18 09:01:06 [INFO] api —    ✅ pi_builder ← models/pi_builder.pkl
2026-05-18 09:01:06 [INFO] api —    ✅ feature_names ← models/feature_names.pkl
2026-05-18 09:01:06 [INFO] api —    ✅ reg_metrics ← models/regression_metrics.pkl
2026-05-18 09:01:06 [INFO] api —    ✅ clf_metrics ← models/classification_metrics.pkl
2026-05-18 09:01:06 [INFO] api —    ✅ label_encoder ← models/label_encoder.pkl
2026-05-18 09:01:06 [INFO] api — ✅ API v3 prête
2026-05-18 09:01:06 [INFO] api — [1247487a] GET /info → 401 [0.4ms]
2026-05-18 09:01:06 [INFO] api — 🚀 Démarrage API v3 — chargement des modèles ...
2026-05-18 09:01:06 [INFO] api —    ✅ reg_model ← models/best_regression_model.pkl
2026-05-18 09:01:06 [INFO] api —    ✅ clf_model ← models/best_classification_model.pkl
2026-05-18 09:01:06 [INFO] api —    ✅ preprocessor ← models/preprocessor.pkl
2026-05-18 09:01:06 [INFO] api —    ✅ pi_builder ← models/pi_builder.pkl
2026-05-18 09:01:06 [INFO] api —    ✅ feature_names ← models/feature_names.pkl
2026-05-18 09:01:06 [INFO] api —    ✅ reg_metrics ← models/regression_metrics.pkl
2026-05-18 09:01:06 [INFO] api —    ✅ clf_metrics ← models/classification_metrics.pkl
2026-05-18 09:01:06 [INFO] api —    ✅ label_encoder ← models/label_encoder.pkl
2026-05-18 09:01:06 [INFO] api — ✅ API v3 prête
2026-05-18 09:01:06 [INFO] api — [7f1eed1f] GET / → 200 [0.3ms]
2026-05-18 09:01:27 [INFO] api — 🚀 Démarrage API v3 — chargement des modèles ...
2026-05-18 09:01:27 [INFO] api —    ✅ reg_model ← models/best_regression_model.pkl
2026-05-18 09:01:27 [INFO] api —    ✅ clf_model ← models/best_classification_model.pkl
2026-05-18 09:01:27 [INFO] api —    ✅ preprocessor ← models/preprocessor.pkl
2026-05-18 09:01:27 [INFO] api —    ✅ pi_builder ← models/pi_builder.pkl
2026-05-18 09:01:27 [INFO] api —    ✅ feature_names ← models/feature_names.pkl
2026-05-18 09:01:27 [INFO] api —    ✅ reg_metrics ← models/regression_metrics.pkl
2026-05-18 09:01:27 [INFO] api —    ✅ clf_metrics ← models/classification_metrics.pkl
2026-05-18 09:01:27 [INFO] api —    ✅ label_encoder ← models/label_encoder.pkl
2026-05-18 09:01:27 [INFO] api — ✅ API v3 prête
2026-05-18 09:01:27 [INFO] api — [1cd9ef27] GET /metrics → 404 [0.4ms]
2026-05-18 09:02:06 [INFO] api — 🚀 Démarrage API v3 — chargement des modèles ...
2026-05-18 09:02:06 [INFO] api —    ✅ reg_model ← models/best_regression_model.pkl
2026-05-18 09:02:06 [INFO] api —    ✅ clf_model ← models/best_classification_model.pkl
2026-05-18 09:02:06 [INFO] api —    ✅ preprocessor ← models/preprocessor.pkl
2026-05-18 09:02:06 [INFO] api —    ✅ pi_builder ← models/pi_builder.pkl
2026-05-18 09:02:06 [INFO] api —    ✅ feature_names ← models/feature_names.pkl
2026-05-18 09:02:06 [INFO] api —    ✅ reg_metrics ← models/regression_metrics.pkl
2026-05-18 09:02:06 [INFO] api —    ✅ clf_metrics ← models/classification_metrics.pkl
2026-05-18 09:02:06 [INFO] api —    ✅ label_encoder ← models/label_encoder.pkl
2026-05-18 09:02:06 [INFO] api — ✅ API v3 prête
2026-05-18 09:02:06 [INFO] api — [c710dc6f] GET / → 200 [1.4ms]
2026-05-18 09:02:06 [INFO] api — [624d82f1] GET / → 200 [0.3ms]
2026-05-18 09:02:06 [INFO] api — [ece44d98] GET / → 200 [0.3ms]
2026-05-18 09:02:06 [INFO] api — [c39a43c9] GET / → 200 [0.3ms]
2026-05-18 09:02:06 [INFO] api — [124c63dc] GET / → 200 [0.4ms]
2026-05-18 09:02:06 [INFO] api — [e5e017c3] GET /info → 200 [1.2ms]
2026-05-18 09:02:06 [INFO] api — [8ca6be56] GET /info → 200 [0.5ms]
2026-05-18 09:02:06 [INFO] api — [03df79f6] GET /info → 200 [0.3ms]
2026-05-18 09:02:06 [INFO] api — [66d7f0bb] GET /info → 200 [0.3ms]
2026-05-18 09:02:06 [INFO] api — [2a36b36b] GET /info → 200 [0.3ms]
2026-05-18 09:02:06 [INFO] api — [2805b7ba] GET /metrics → 200 [0.5ms]
2026-05-18 09:02:06 [INFO] api — [367be4ce] GET /metrics → 200 [0.5ms]
2026-05-18 09:02:06 [INFO] api — [897abd01] GET /metrics → 200 [0.3ms]
2026-05-18 09:02:06 [INFO] api — [e90a6831] GET /metrics → 200 [0.3ms]
2026-05-18 09:02:06 [INFO] feature_store — 🏪 FeatureStore initialisé → models/../feature_store/store.db
2026-05-18 09:02:06 [INFO] feature_store —    🏪 FeatureStore.read → 'geographic' vv1 | 374 entités | 47.8ms
2026-05-18 09:02:06 [INFO] api — [2ad23197] POST /predict → 200 [59.9ms]
2026-05-18 09:02:06 [INFO] feature_store — 🏪 FeatureStore initialisé → models/../feature_store/store.db
2026-05-18 09:02:06 [INFO] feature_store —    🏪 FeatureStore.read → 'geographic' vv1 | 374 entités | 37.8ms
2026-05-18 09:02:06 [INFO] api — [3c8e5396] POST /predict → 200 [46.6ms]
2026-05-18 09:02:06 [INFO] feature_store — 🏪 FeatureStore initialisé → models/../feature_store/store.db
2026-05-18 09:02:06 [INFO] feature_store —    🏪 FeatureStore.read → 'geographic' vv1 | 374 entités | 36.9ms
2026-05-18 09:02:06 [INFO] api — [ae3dda45] POST /predict → 200 [43.6ms]
2026-05-18 09:02:06 [INFO] feature_store — 🏪 FeatureStore initialisé → models/../feature_store/store.db
2026-05-18 09:02:06 [INFO] feature_store —    🏪 FeatureStore.read → 'geographic' vv1 | 374 entités | 35.4ms
2026-05-18 09:02:06 [INFO] api — [5deea7b4] POST /predict → 200 [41.4ms]
2026-05-18 09:02:06 [INFO] feature_store — 🏪 FeatureStore initialisé → models/../feature_store/store.db
2026-05-18 09:02:07 [INFO] feature_store —    🏪 FeatureStore.read → 'geographic' vv1 | 374 entités | 39.3ms
2026-05-18 09:02:07 [INFO] api — [e4c5e4d4] POST /predict → 200 [46.0ms]
2026-05-18 09:02:07 [INFO] feature_store — 🏪 FeatureStore initialisé → models/../feature_store/store.db
2026-05-18 09:02:07 [INFO] feature_store —    🏪 FeatureStore.read → 'geographic' vv1 | 374 entités | 35.8ms
2026-05-18 09:02:07 [INFO] api — [1daf8aaf] POST /predict → 200 [41.8ms]
2026-05-18 09:02:07 [INFO] feature_store — 🏪 FeatureStore initialisé → models/../feature_store/store.db
2026-05-18 09:02:07 [INFO] feature_store —    🏪 FeatureStore.read → 'geographic' vv1 | 374 entités | 36.1ms
2026-05-18 09:02:07 [INFO] api — [f9dfc2c7] POST /predict → 200 [43.2ms]
2026-05-18 09:02:07 [INFO] feature_store — 🏪 FeatureStore initialisé → models/../feature_store/store.db
2026-05-18 09:02:07 [INFO] feature_store —    🏪 FeatureStore.read → 'geographic' vv1 | 374 entités | 36.6ms
2026-05-18 09:02:07 [INFO] api — [232beb15] POST /predict → 200 [43.6ms]
2026-05-18 09:02:07 [INFO] feature_store — 🏪 FeatureStore initialisé → models/../feature_store/store.db
2026-05-18 09:02:07 [INFO] feature_store —    🏪 FeatureStore.read → 'geographic' vv1 | 374 entités | 38.2ms
2026-05-18 09:02:07 [INFO] api — [c61de3d4] POST /predict → 200 [44.4ms]
2026-05-18 09:02:07 [INFO] feature_store — 🏪 FeatureStore initialisé → models/../feature_store/store.db
2026-05-18 09:02:07 [INFO] feature_store —    🏪 FeatureStore.read → 'geographic' vv1 | 374 entités | 36.2ms
2026-05-18 09:02:07 [INFO] api — [b5c6d6f2] POST /predict → 200 [42.8ms]
2026-05-18 09:02:07 [INFO] api — [e74ef99a] POST /predict → 422 [0.8ms]
2026-05-18 09:02:07 [INFO] api — [7e25927f] POST /predict → 422 [0.6ms]
2026-05-18 09:02:07 [INFO] api — [082007d5] POST /predict → 422 [0.9ms]
2026-05-18 09:02:07 [INFO] api — [b46b468f] POST /predict → 422 [0.6ms]
2026-05-18 09:02:07 [INFO] api — [94f0cea7] POST /predict → 422 [0.5ms]
2026-05-18 09:02:07 [INFO] api — [846e0643] POST /predict → 422 [0.7ms]
2026-05-18 09:02:07 [INFO] api — [40b6da54] POST /predict → 422 [0.5ms]
2026-05-18 09:02:07 [INFO] api — [c94007a0] POST /predict → 422 [0.5ms]
2026-05-18 09:02:07 [INFO] api — [51d7750c] POST /predict → 422 [0.5ms]
2026-05-18 09:02:07 [INFO] feature_store — 🏪 FeatureStore initialisé → models/../feature_store/store.db
2026-05-18 09:02:07 [INFO] feature_store —    🏪 FeatureStore.read → 'geographic' vv1 | 374 entités | 37.4ms
2026-05-18 09:02:07 [INFO] feature_store — 🏪 FeatureStore initialisé → models/../feature_store/store.db
2026-05-18 09:02:07 [INFO] feature_store —    🏪 FeatureStore.read → 'geographic' vv1 | 374 entités | 35.9ms
2026-05-18 09:02:07 [INFO] api — [5819a8d9] POST /predict/batch → 200 [86.5ms]
2026-05-18 09:02:07 [INFO] feature_store — 🏪 FeatureStore initialisé → models/../feature_store/store.db
2026-05-18 09:02:07 [INFO] feature_store —    🏪 FeatureStore.read → 'geographic' vv1 | 374 entités | 37.0ms
2026-05-18 09:02:07 [INFO] feature_store — 🏪 FeatureStore initialisé → models/../feature_store/store.db
2026-05-18 09:02:07 [INFO] feature_store —    🏪 FeatureStore.read → 'geographic' vv1 | 374 entités | 35.1ms
2026-05-18 09:02:07 [INFO] feature_store — 🏪 FeatureStore initialisé → models/../feature_store/store.db
2026-05-18 09:02:07 [INFO] feature_store —    🏪 FeatureStore.read → 'geographic' vv1 | 374 entités | 34.7ms
2026-05-18 09:02:07 [INFO] api — [6b0eec1b] POST /predict/batch → 200 [123.8ms]
2026-05-18 09:02:07 [INFO] feature_store — 🏪 FeatureStore initialisé → models/../feature_store/store.db
2026-05-18 09:02:07 [INFO] feature_store —    🏪 FeatureStore.read → 'geographic' vv1 | 374 entités | 35.9ms
2026-05-18 09:02:07 [INFO] api — [27415ef4] POST /predict/batch → 200 [42.1ms]
2026-05-18 09:02:07 [INFO] feature_store — 🏪 FeatureStore initialisé → models/../feature_store/store.db
2026-05-18 09:02:07 [INFO] feature_store —    🏪 FeatureStore.read → 'geographic' vv1 | 374 entités | 35.7ms
2026-05-18 09:02:07 [INFO] feature_store — 🏪 FeatureStore initialisé → models/../feature_store/store.db
2026-05-18 09:02:07 [INFO] feature_store —    🏪 FeatureStore.read → 'geographic' vv1 | 374 entités | 36.0ms
2026-05-18 09:02:07 [INFO] api — [12f15104] POST /predict/batch → 200 [84.0ms]
2026-05-18 09:02:07 [INFO] api — [c3ed7dc8] POST /predict/batch → 200 [0.8ms]
2026-05-18 09:02:07 [INFO] feature_store — 🏪 FeatureStore initialisé → models/../feature_store/store.db
2026-05-18 09:02:07 [INFO] feature_store —    🏪 FeatureStore.read → 'geographic' vv1 | 374 entités | 39.0ms
2026-05-18 09:02:07 [INFO] api — [3dbf4a90] POST /predict/batch → 200 [45.9ms]
2026-05-18 09:02:07 [INFO] api — 🚀 Démarrage API v3 — chargement des modèles ...
2026-05-18 09:02:07 [INFO] api —    ✅ reg_model ← models/best_regression_model.pkl
2026-05-18 09:02:07 [INFO] api —    ✅ clf_model ← models/best_classification_model.pkl
2026-05-18 09:02:07 [INFO] api —    ✅ preprocessor ← models/preprocessor.pkl
2026-05-18 09:02:07 [INFO] api —    ✅ pi_builder ← models/pi_builder.pkl
2026-05-18 09:02:07 [INFO] api —    ✅ feature_names ← models/feature_names.pkl
2026-05-18 09:02:07 [INFO] api —    ✅ reg_metrics ← models/regression_metrics.pkl
2026-05-18 09:02:07 [INFO] api —    ✅ clf_metrics ← models/classification_metrics.pkl
2026-05-18 09:02:07 [INFO] api —    ✅ label_encoder ← models/label_encoder.pkl
2026-05-18 09:02:07 [INFO] api — ✅ API v3 prête
2026-05-18 09:02:07 [INFO] api — [69bdf1a2] POST /predict → 503 [1.0ms]
2026-05-18 09:02:07 [INFO] api — 🚀 Démarrage API v3 — chargement des modèles ...
2026-05-18 09:02:07 [INFO] api —    ✅ reg_model ← models/best_regression_model.pkl
2026-05-18 09:02:07 [INFO] api —    ✅ clf_model ← models/best_classification_model.pkl
2026-05-18 09:02:07 [INFO] api —    ✅ preprocessor ← models/preprocessor.pkl
2026-05-18 09:02:07 [INFO] api —    ✅ pi_builder ← models/pi_builder.pkl
2026-05-18 09:02:07 [INFO] api —    ✅ feature_names ← models/feature_names.pkl
2026-05-18 09:02:07 [INFO] api —    ✅ reg_metrics ← models/regression_metrics.pkl
2026-05-18 09:02:07 [INFO] api —    ✅ clf_metrics ← models/classification_metrics.pkl
2026-05-18 09:02:07 [INFO] api —    ✅ label_encoder ← models/label_encoder.pkl
2026-05-18 09:02:07 [INFO] api — ✅ API v3 prête
2026-05-18 09:02:07 [INFO] api — [7cb291dd] GET /info → 200 [1.5ms]
2026-05-18 09:02:07 [INFO] api — 🚀 Démarrage API v3 — chargement des modèles ...
2026-05-18 09:02:07 [INFO] api —    ✅ reg_model ← models/best_regression_model.pkl
2026-05-18 09:02:07 [INFO] api —    ✅ clf_model ← models/best_classification_model.pkl
2026-05-18 09:02:07 [INFO] api —    ✅ preprocessor ← models/preprocessor.pkl
2026-05-18 09:02:07 [INFO] api —    ✅ pi_builder ← models/pi_builder.pkl
2026-05-18 09:02:07 [INFO] api —    ✅ feature_names ← models/feature_names.pkl
2026-05-18 09:02:07 [INFO] api —    ✅ reg_metrics ← models/regression_metrics.pkl
2026-05-18 09:02:07 [INFO] api —    ✅ clf_metrics ← models/classification_metrics.pkl
2026-05-18 09:02:07 [INFO] api —    ✅ label_encoder ← models/label_encoder.pkl
2026-05-18 09:02:07 [INFO] api — ✅ API v3 prête
2026-05-18 09:02:07 [INFO] api — [8d368050] GET / → 200 [0.3ms]
2026-05-18 09:02:15 [INFO] api — 🚀 Démarrage API v3 — chargement des modèles ...
2026-05-18 09:02:15 [INFO] api —    ✅ reg_model ← models/best_regression_model.pkl
2026-05-18 09:02:15 [INFO] api —    ✅ clf_model ← models/best_classification_model.pkl
2026-05-18 09:02:15 [INFO] api —    ✅ preprocessor ← models/preprocessor.pkl
2026-05-18 09:02:15 [INFO] api —    ✅ pi_builder ← models/pi_builder.pkl
2026-05-18 09:02:15 [INFO] api —    ✅ feature_names ← models/feature_names.pkl
2026-05-18 09:02:15 [INFO] api —    ✅ reg_metrics ← models/regression_metrics.pkl
2026-05-18 09:02:15 [INFO] api —    ✅ clf_metrics ← models/classification_metrics.pkl
2026-05-18 09:02:15 [INFO] api —    ✅ label_encoder ← models/label_encoder.pkl
2026-05-18 09:02:15 [INFO] api — ✅ API v3 prête
2026-05-18 09:02:15 [INFO] api — [ebac4f91] GET / → 200 [2.6ms]
2026-05-18 09:02:15 [INFO] api — [0fc753a7] GET / → 200 [0.4ms]
2026-05-18 09:02:15 [INFO] api — [f4f1d219] GET / → 200 [0.5ms]
2026-05-18 09:02:15 [INFO] api — [4e79aa70] GET / → 200 [0.6ms]
2026-05-18 09:02:15 [INFO] api — [5ab9e10f] GET / → 200 [0.9ms]
2026-05-18 09:02:15 [INFO] api — [82a9eae8] GET /info → 200 [1.9ms]
2026-05-18 09:02:15 [INFO] api — [502692d4] GET /info → 200 [0.5ms]
2026-05-18 09:02:15 [INFO] api — [ef69693c] GET /info → 200 [0.4ms]
2026-05-18 09:02:15 [INFO] api — [c20c9b00] GET /info → 200 [0.6ms]
2026-05-18 09:02:15 [INFO] api — [e967776e] GET /info → 200 [0.5ms]
2026-05-18 09:02:15 [INFO] api — [22a67883] GET /metrics → 200 [0.7ms]
2026-05-18 09:02:15 [INFO] api — [d6b34e77] GET /metrics → 200 [0.3ms]
2026-05-18 09:02:15 [INFO] api — [00d83a78] GET /metrics → 200 [0.4ms]
2026-05-18 09:02:15 [INFO] api — [6491cae5] GET /metrics → 200 [0.5ms]
2026-05-18 09:02:15 [INFO] feature_store — 🏪 FeatureStore initialisé → models/../feature_store/store.db
2026-05-18 09:02:15 [INFO] feature_store —    🏪 FeatureStore.read → 'geographic' vv1 | 374 entités | 110.8ms
2026-05-18 09:02:15 [INFO] api — [23f2a85b] POST /predict → 200 [131.0ms]
2026-05-18 09:02:15 [INFO] feature_store — 🏪 FeatureStore initialisé → models/../feature_store/store.db
2026-05-18 09:02:15 [INFO] feature_store —    🏪 FeatureStore.read → 'geographic' vv1 | 374 entités | 39.6ms
2026-05-18 09:02:15 [INFO] api — [a147ae36] POST /predict → 200 [48.2ms]
2026-05-18 09:02:15 [INFO] feature_store — 🏪 FeatureStore initialisé → models/../feature_store/store.db
2026-05-18 09:02:15 [INFO] feature_store —    🏪 FeatureStore.read → 'geographic' vv1 | 374 entités | 41.1ms
2026-05-18 09:02:15 [INFO] api — [0f7dfcd8] POST /predict → 200 [49.0ms]
2026-05-18 09:02:15 [INFO] feature_store — 🏪 FeatureStore initialisé → models/../feature_store/store.db
2026-05-18 09:02:15 [INFO] feature_store —    🏪 FeatureStore.read → 'geographic' vv1 | 374 entités | 51.7ms
2026-05-18 09:02:15 [INFO] api — [e9000ed1] POST /predict → 200 [65.4ms]
2026-05-18 09:02:15 [INFO] feature_store — 🏪 FeatureStore initialisé → models/../feature_store/store.db
2026-05-18 09:02:15 [INFO] feature_store —    🏪 FeatureStore.read → 'geographic' vv1 | 374 entités | 40.3ms
2026-05-18 09:02:15 [INFO] api — [bcedd9f0] POST /predict → 200 [47.3ms]
2026-05-18 09:02:15 [INFO] feature_store — 🏪 FeatureStore initialisé → models/../feature_store/store.db
2026-05-18 09:02:15 [INFO] feature_store —    🏪 FeatureStore.read → 'geographic' vv1 | 374 entités | 37.4ms
2026-05-18 09:02:15 [INFO] api — [7b27d0dc] POST /predict → 200 [44.0ms]
2026-05-18 09:02:15 [INFO] feature_store — 🏪 FeatureStore initialisé → models/../feature_store/store.db
2026-05-18 09:02:15 [INFO] feature_store —    🏪 FeatureStore.read → 'geographic' vv1 | 374 entités | 40.7ms
2026-05-18 09:02:15 [INFO] api — [ea3d6b72] POST /predict → 200 [48.0ms]
2026-05-18 09:02:15 [INFO] feature_store — 🏪 FeatureStore initialisé → models/../feature_store/store.db
2026-05-18 09:02:15 [INFO] feature_store —    🏪 FeatureStore.read → 'geographic' vv1 | 374 entités | 39.3ms
2026-05-18 09:02:16 [INFO] api — [4b33d48b] POST /predict → 200 [46.4ms]
2026-05-18 09:02:16 [INFO] feature_store — 🏪 FeatureStore initialisé → models/../feature_store/store.db
2026-05-18 09:02:16 [INFO] feature_store —    🏪 FeatureStore.read → 'geographic' vv1 | 374 entités | 37.7ms
2026-05-18 09:02:16 [INFO] api — [65333716] POST /predict → 200 [44.2ms]
2026-05-18 09:02:16 [INFO] feature_store — 🏪 FeatureStore initialisé → models/../feature_store/store.db
2026-05-18 09:02:16 [INFO] feature_store —    🏪 FeatureStore.read → 'geographic' vv1 | 374 entités | 35.9ms
2026-05-18 09:02:16 [INFO] api — [0ed857a5] POST /predict → 200 [42.1ms]
2026-05-18 09:02:16 [INFO] api — [30d229ac] POST /predict → 422 [0.8ms]
2026-05-18 09:02:16 [INFO] api — [aeaa5d37] POST /predict → 422 [0.5ms]
2026-05-18 09:02:16 [INFO] api — [31273b58] POST /predict → 422 [0.9ms]
2026-05-18 09:02:16 [INFO] api — [d0b23b92] POST /predict → 422 [0.5ms]
2026-05-18 09:02:16 [INFO] api — [681c5a6f] POST /predict → 422 [0.6ms]
2026-05-18 09:02:16 [INFO] api — [57cb139c] POST /predict → 422 [0.6ms]
2026-05-18 09:02:16 [INFO] api — [0590f67d] POST /predict → 422 [0.5ms]
2026-05-18 09:02:16 [INFO] api — [95ccec4f] POST /predict → 422 [0.5ms]
2026-05-18 09:02:16 [INFO] api — [9ee32ee0] POST /predict → 422 [0.5ms]
2026-05-18 09:02:16 [INFO] feature_store — 🏪 FeatureStore initialisé → models/../feature_store/store.db
2026-05-18 09:02:16 [INFO] feature_store —    🏪 FeatureStore.read → 'geographic' vv1 | 374 entités | 38.4ms
2026-05-18 09:02:16 [INFO] feature_store — 🏪 FeatureStore initialisé → models/../feature_store/store.db
2026-05-18 09:02:16 [INFO] feature_store —    🏪 FeatureStore.read → 'geographic' vv1 | 374 entités | 38.5ms
2026-05-18 09:02:16 [INFO] api — [4ec3c264] POST /predict/batch → 200 [90.4ms]
2026-05-18 09:02:16 [INFO] feature_store — 🏪 FeatureStore initialisé → models/../feature_store/store.db
2026-05-18 09:02:16 [INFO] feature_store —    🏪 FeatureStore.read → 'geographic' vv1 | 374 entités | 42.0ms
2026-05-18 09:02:16 [INFO] feature_store — 🏪 FeatureStore initialisé → models/../feature_store/store.db
2026-05-18 09:02:16 [INFO] feature_store —    🏪 FeatureStore.read → 'geographic' vv1 | 374 entités | 39.6ms
2026-05-18 09:02:16 [INFO] feature_store — 🏪 FeatureStore initialisé → models/../feature_store/store.db
2026-05-18 09:02:16 [INFO] feature_store —    🏪 FeatureStore.read → 'geographic' vv1 | 374 entités | 37.5ms
2026-05-18 09:02:16 [INFO] api — [34aabe37] POST /predict/batch → 200 [137.6ms]
2026-05-18 09:02:16 [INFO] feature_store — 🏪 FeatureStore initialisé → models/../feature_store/store.db
2026-05-18 09:02:16 [INFO] feature_store —    🏪 FeatureStore.read → 'geographic' vv1 | 374 entités | 38.1ms
2026-05-18 09:02:16 [INFO] api — [dd31c263] POST /predict/batch → 200 [44.9ms]
2026-05-18 09:02:16 [INFO] feature_store — 🏪 FeatureStore initialisé → models/../feature_store/store.db
2026-05-18 09:02:16 [INFO] feature_store —    🏪 FeatureStore.read → 'geographic' vv1 | 374 entités | 37.3ms
2026-05-18 09:02:16 [INFO] feature_store — 🏪 FeatureStore initialisé → models/../feature_store/store.db
2026-05-18 09:02:16 [INFO] feature_store —    🏪 FeatureStore.read → 'geographic' vv1 | 374 entités | 38.3ms
2026-05-18 09:02:16 [INFO] api — [424308b7] POST /predict/batch → 200 [88.5ms]
2026-05-18 09:02:16 [INFO] api — [98c086fc] POST /predict/batch → 200 [0.7ms]
2026-05-18 09:02:16 [INFO] feature_store — 🏪 FeatureStore initialisé → models/../feature_store/store.db
2026-05-18 09:02:16 [INFO] feature_store —    🏪 FeatureStore.read → 'geographic' vv1 | 374 entités | 35.8ms
2026-05-18 09:02:16 [INFO] api — [1d6a0e2e] POST /predict/batch → 200 [41.5ms]
2026-05-18 09:02:16 [INFO] api — 🚀 Démarrage API v3 — chargement des modèles ...
2026-05-18 09:02:16 [INFO] api —    ✅ reg_model ← models/best_regression_model.pkl
2026-05-18 09:02:16 [INFO] api —    ✅ clf_model ← models/best_classification_model.pkl
2026-05-18 09:02:16 [INFO] api —    ✅ preprocessor ← models/preprocessor.pkl
2026-05-18 09:02:16 [INFO] api —    ✅ pi_builder ← models/pi_builder.pkl
2026-05-18 09:02:16 [INFO] api —    ✅ feature_names ← models/feature_names.pkl
2026-05-18 09:02:16 [INFO] api —    ✅ reg_metrics ← models/regression_metrics.pkl
2026-05-18 09:02:16 [INFO] api —    ✅ clf_metrics ← models/classification_metrics.pkl
2026-05-18 09:02:16 [INFO] api —    ✅ label_encoder ← models/label_encoder.pkl
2026-05-18 09:02:16 [INFO] api — ✅ API v3 prête
2026-05-18 09:02:16 [INFO] api — [610ca62f] POST /predict → 503 [0.9ms]
2026-05-18 09:02:16 [INFO] api — 🚀 Démarrage API v3 — chargement des modèles ...
2026-05-18 09:02:16 [INFO] api —    ✅ reg_model ← models/best_regression_model.pkl
2026-05-18 09:02:16 [INFO] api —    ✅ clf_model ← models/best_classification_model.pkl
2026-05-18 09:02:16 [INFO] api —    ✅ preprocessor ← models/preprocessor.pkl
2026-05-18 09:02:16 [INFO] api —    ✅ pi_builder ← models/pi_builder.pkl
2026-05-18 09:02:16 [INFO] api —    ✅ feature_names ← models/feature_names.pkl
2026-05-18 09:02:16 [INFO] api —    ✅ reg_metrics ← models/regression_metrics.pkl
2026-05-18 09:02:16 [INFO] api —    ✅ clf_metrics ← models/classification_metrics.pkl
2026-05-18 09:02:16 [INFO] api —    ✅ label_encoder ← models/label_encoder.pkl
2026-05-18 09:02:16 [INFO] api — ✅ API v3 prête
2026-05-18 09:02:16 [INFO] api — [efd6aea1] GET /info → 200 [1.6ms]
2026-05-18 09:02:16 [INFO] api — 🚀 Démarrage API v3 — chargement des modèles ...
2026-05-18 09:02:16 [INFO] api —    ✅ reg_model ← models/best_regression_model.pkl
2026-05-18 09:02:16 [INFO] api —    ✅ clf_model ← models/best_classification_model.pkl
2026-05-18 09:02:16 [INFO] api —    ✅ preprocessor ← models/preprocessor.pkl
2026-05-18 09:02:16 [INFO] api —    ✅ pi_builder ← models/pi_builder.pkl
2026-05-18 09:02:16 [INFO] api —    ✅ feature_names ← models/feature_names.pkl
2026-05-18 09:02:16 [INFO] api —    ✅ reg_metrics ← models/regression_metrics.pkl
2026-05-18 09:02:16 [INFO] api —    ✅ clf_metrics ← models/classification_metrics.pkl
2026-05-18 09:02:16 [INFO] api —    ✅ label_encoder ← models/label_encoder.pkl
2026-05-18 09:02:16 [INFO] api — ✅ API v3 prête
2026-05-18 09:02:16 [INFO] api — [640b5937] GET / → 200 [0.4ms]
2026-05-18 09:02:16 [INFO] src.api — [6fcf587e] GET /health → 200 [0.3ms]
2026-05-18 09:02:16 [INFO] src.api — [3cc077e3] GET /health → 200 [0.3ms]
2026-05-18 09:02:16 [INFO] src.api — [85cd838d] GET /health → 200 [0.2ms]
2026-05-18 09:02:16 [INFO] src.api — [fa8185ce] GET /health → 200 [0.3ms]
2026-05-18 09:02:16 [INFO] src.api — [f321e314] GET /v1/metrics → 401 [0.5ms]
2026-05-18 09:02:16 [INFO] src.api — [9e94f7ee] GET /v1/metrics → 200 [0.3ms]
2026-05-18 09:02:16 [INFO] src.api — [fac8f79f] GET / → 200 [0.6ms]
2026-05-18 09:02:16 [INFO] src.api — [5d6abaf1] POST /predict → 401 [0.6ms]
2026-05-18 09:02:16 [INFO] drift_detector — 🔍 DriftDetector initialisé — ref=500 lignes | 3 num | 1 cat
2026-05-18 09:02:16 [INFO] drift_detector — 
=======================================================
🔍 DRIFT DETECTION
   Référence : 500 lignes
   Courant   : 200 lignes
=======================================================
2026-05-18 09:02:16 [INFO] drift_detector — 
✅ ✅ Drift [OK] — 0/4 features driftées | PSI global=0.040 | Prédictions OK
2026-05-18 09:02:16 [INFO] drift_detector — 
───────────────────────────────────────────────────────
2026-05-18 09:02:16 [INFO] drift_detector — Feature                   Test    Statistic    p-value Status
2026-05-18 09:02:16 [INFO] drift_detector — ───────────────────────────────────────────────────────
2026-05-18 09:02:16 [INFO] drift_detector —   ville                   chi2       2.0179     0.3646 ✅ stable
2026-05-18 09:02:16 [INFO] drift_detector —   surface_m2              psi        0.0440     0.1882 ✅ stable
2026-05-18 09:02:16 [INFO] drift_detector —   age_bien                psi        0.0419     0.1982 ✅ stable
2026-05-18 09:02:16 [INFO] drift_detector —   nb_chambres             psi        0.0337     0.4510 ✅ stable
2026-05-18 09:02:16 [INFO] drift_detector — ───────────────────────────────────────────────────────
2026-05-18 09:02:16 [INFO] drift_detector — 🔍 DriftDetector initialisé — ref=500 lignes | 3 num | 1 cat
2026-05-18 09:02:16 [INFO] drift_detector — 
=======================================================
🔍 DRIFT DETECTION
   Référence : 500 lignes
   Courant   : 200 lignes
=======================================================
2026-05-18 09:02:16 [INFO] drift_detector — 
🔴 🔴 Drift [RETRAIN] — 4/4 features driftées | PSI global=13.703 | Prédictions OK
2026-05-18 09:02:16 [INFO] drift_detector — 
───────────────────────────────────────────────────────
2026-05-18 09:02:16 [INFO] drift_detector — Feature                   Test    Statistic    p-value Status
2026-05-18 09:02:16 [INFO] drift_detector — ───────────────────────────────────────────────────────
2026-05-18 09:02:16 [INFO] drift_detector —   ville                   chi2   500049249.9455     0.0000 🔴 drift
2026-05-18 09:02:16 [INFO] drift_detector —   surface_m2              psi       15.7226     0.0000 🔴 drift
2026-05-18 09:02:16 [INFO] drift_detector —   nb_chambres             psi       12.8541     0.0000 🔴 drift
2026-05-18 09:02:16 [INFO] drift_detector —   age_bien                psi       12.5312     0.0000 🔴 drift
2026-05-18 09:02:16 [INFO] drift_detector — ───────────────────────────────────────────────────────
2026-05-18 09:02:16 [WARNING] drift_detector — 
  🔴 DRIFT CONFIRMÉ — Retraining recommandé !
     Features driftées : ['surface_m2', 'nb_chambres', 'age_bien', 'ville']
     PSI global        : 13.7026
     Lancer : make train

2026-05-18 09:02:16 [INFO] drift_detector — 🔍 DriftDetector initialisé — ref=500 lignes | 3 num | 1 cat
2026-05-18 09:02:16 [INFO] drift_detector — 
=======================================================
🔍 DRIFT DETECTION
   Référence : 500 lignes
   Courant   : 200 lignes
=======================================================
2026-05-18 09:02:16 [INFO] drift_detector — 
✅ ✅ Drift [OK] — 0/4 features driftées | PSI global=0.040 | Prédictions OK
2026-05-18 09:02:16 [INFO] drift_detector — 
───────────────────────────────────────────────────────
2026-05-18 09:02:16 [INFO] drift_detector — Feature                   Test    Statistic    p-value Status
2026-05-18 09:02:16 [INFO] drift_detector — ───────────────────────────────────────────────────────
2026-05-18 09:02:16 [INFO] drift_detector —   ville                   chi2       2.0179     0.3646 ✅ stable
2026-05-18 09:02:16 [INFO] drift_detector —   surface_m2              psi        0.0440     0.1882 ✅ stable
2026-05-18 09:02:16 [INFO] drift_detector —   age_bien                psi        0.0419     0.1982 ✅ stable
2026-05-18 09:02:16 [INFO] drift_detector —   nb_chambres             psi        0.0337     0.4510 ✅ stable
2026-05-18 09:02:16 [INFO] drift_detector — ───────────────────────────────────────────────────────
2026-05-18 09:02:16 [INFO] drift_detector — 🔍 DriftDetector initialisé — ref=500 lignes | 3 num | 1 cat
2026-05-18 09:02:16 [INFO] drift_detector — 
=======================================================
🔍 DRIFT DETECTION
   Référence : 500 lignes
   Courant   : 200 lignes
=======================================================
2026-05-18 09:02:16 [INFO] drift_detector — 
✅ ✅ Drift [OK] — 0/4 features driftées | PSI global=0.040 | Prédictions OK
2026-05-18 09:02:16 [INFO] drift_detector — 
───────────────────────────────────────────────────────
2026-05-18 09:02:16 [INFO] drift_detector — Feature                   Test    Statistic    p-value Status
2026-05-18 09:02:16 [INFO] drift_detector — ───────────────────────────────────────────────────────
2026-05-18 09:02:16 [INFO] drift_detector —   ville                   chi2       2.0179     0.3646 ✅ stable
2026-05-18 09:02:16 [INFO] drift_detector —   surface_m2              psi        0.0440     0.1882 ✅ stable
2026-05-18 09:02:16 [INFO] drift_detector —   age_bien                psi        0.0419     0.1982 ✅ stable
2026-05-18 09:02:16 [INFO] drift_detector —   nb_chambres             psi        0.0337     0.4510 ✅ stable
2026-05-18 09:02:16 [INFO] drift_detector — ───────────────────────────────────────────────────────
2026-05-18 09:02:16 [INFO] drift_detector — 🔍 DriftDetector initialisé — ref=500 lignes | 3 num | 1 cat
2026-05-18 09:02:16 [INFO] drift_detector — 
=======================================================
🔍 DRIFT DETECTION
   Référence : 500 lignes
   Courant   : 200 lignes
=======================================================
2026-05-18 09:02:16 [INFO] drift_detector — 
✅ ✅ Drift [OK] — 0/4 features driftées | PSI global=0.040 | Prédictions OK
2026-05-18 09:02:16 [INFO] drift_detector — 
───────────────────────────────────────────────────────
2026-05-18 09:02:16 [INFO] drift_detector — Feature                   Test    Statistic    p-value Status
2026-05-18 09:02:16 [INFO] drift_detector — ───────────────────────────────────────────────────────
2026-05-18 09:02:16 [INFO] drift_detector —   ville                   chi2       2.0179     0.3646 ✅ stable
2026-05-18 09:02:16 [INFO] drift_detector —   surface_m2              psi        0.0440     0.1882 ✅ stable
2026-05-18 09:02:16 [INFO] drift_detector —   age_bien                psi        0.0419     0.1982 ✅ stable
2026-05-18 09:02:16 [INFO] drift_detector —   nb_chambres             psi        0.0337     0.4510 ✅ stable
2026-05-18 09:02:16 [INFO] drift_detector — ───────────────────────────────────────────────────────
2026-05-18 09:02:16 [INFO] drift_detector — 🔍 DriftDetector initialisé — ref=500 lignes | 3 num | 1 cat
2026-05-18 09:02:16 [INFO] drift_detector — 
=======================================================
🔍 DRIFT DETECTION
   Référence : 500 lignes
   Courant   : 200 lignes
=======================================================
2026-05-18 09:02:16 [INFO] drift_detector — 
✅ ✅ Drift [OK] — 0/4 features driftées | PSI global=0.040 | Prédictions OK
2026-05-18 09:02:16 [INFO] drift_detector — 
───────────────────────────────────────────────────────
2026-05-18 09:02:16 [INFO] drift_detector — Feature                   Test    Statistic    p-value Status
2026-05-18 09:02:16 [INFO] drift_detector — ───────────────────────────────────────────────────────
2026-05-18 09:02:16 [INFO] drift_detector —   ville                   chi2       2.0179     0.3646 ✅ stable
2026-05-18 09:02:16 [INFO] drift_detector —   surface_m2              psi        0.0440     0.1882 ✅ stable
2026-05-18 09:02:16 [INFO] drift_detector —   age_bien                psi        0.0419     0.1982 ✅ stable
2026-05-18 09:02:16 [INFO] drift_detector —   nb_chambres             psi        0.0337     0.4510 ✅ stable
2026-05-18 09:02:16 [INFO] drift_detector — ───────────────────────────────────────────────────────
2026-05-18 09:02:16 [INFO] drift_detector — 
=======================================================
🔍 DRIFT DETECTION
   Référence : 500 lignes
   Courant   : 200 lignes
=======================================================
2026-05-18 09:02:16 [INFO] drift_detector — 
🔴 🔴 Drift [RETRAIN] — 4/4 features driftées | PSI global=13.703 | Prédictions OK
2026-05-18 09:02:16 [INFO] drift_detector — 
───────────────────────────────────────────────────────
2026-05-18 09:02:16 [INFO] drift_detector — Feature                   Test    Statistic    p-value Status
2026-05-18 09:02:16 [INFO] drift_detector — ───────────────────────────────────────────────────────
2026-05-18 09:02:16 [INFO] drift_detector —   ville                   chi2   500049249.9455     0.0000 🔴 drift
2026-05-18 09:02:16 [INFO] drift_detector —   surface_m2              psi       15.7226     0.0000 🔴 drift
2026-05-18 09:02:16 [INFO] drift_detector —   nb_chambres             psi       12.8541     0.0000 🔴 drift
2026-05-18 09:02:16 [INFO] drift_detector —   age_bien                psi       12.5312     0.0000 🔴 drift
2026-05-18 09:02:16 [INFO] drift_detector — ───────────────────────────────────────────────────────
2026-05-18 09:02:16 [WARNING] drift_detector — 
  🔴 DRIFT CONFIRMÉ — Retraining recommandé !
     Features driftées : ['surface_m2', 'nb_chambres', 'age_bien', 'ville']
     PSI global        : 13.7026
     Lancer : make train

2026-05-18 09:02:16 [INFO] drift_detector — 🔍 DriftDetector initialisé — ref=500 lignes | 3 num | 1 cat
2026-05-18 09:02:16 [INFO] drift_detector — 
=======================================================
🔍 DRIFT DETECTION
   Référence : 500 lignes
   Courant   : 200 lignes
=======================================================
2026-05-18 09:02:16 [INFO] drift_detector — 
✅ ✅ Drift [OK] — 0/4 features driftées | PSI global=0.040 | Prédictions OK
2026-05-18 09:02:16 [INFO] drift_detector — 
───────────────────────────────────────────────────────
2026-05-18 09:02:16 [INFO] drift_detector — Feature                   Test    Statistic    p-value Status
2026-05-18 09:02:16 [INFO] drift_detector — ───────────────────────────────────────────────────────
2026-05-18 09:02:16 [INFO] drift_detector —   ville                   chi2       2.0179     0.3646 ✅ stable
2026-05-18 09:02:16 [INFO] drift_detector —   surface_m2              psi        0.0440     0.1882 ✅ stable
2026-05-18 09:02:16 [INFO] drift_detector —   age_bien                psi        0.0419     0.1982 ✅ stable
2026-05-18 09:02:16 [INFO] drift_detector —   nb_chambres             psi        0.0337     0.4510 ✅ stable
2026-05-18 09:02:16 [INFO] drift_detector — ───────────────────────────────────────────────────────
2026-05-18 09:02:16 [INFO] drift_detector — 🔍 DriftDetector initialisé — ref=500 lignes | 3 num | 1 cat
2026-05-18 09:02:16 [INFO] drift_detector — 
=======================================================
🔍 DRIFT DETECTION
   Référence : 500 lignes
   Courant   : 200 lignes
=======================================================
2026-05-18 09:02:16 [INFO] drift_detector — 
🟡 🟡 Drift [MONITOR] — 0/4 features driftées | PSI global=0.040 | Prédictions OK
2026-05-18 09:02:16 [INFO] drift_detector — 
───────────────────────────────────────────────────────
2026-05-18 09:02:16 [INFO] drift_detector — Feature                   Test    Statistic    p-value Status
2026-05-18 09:02:16 [INFO] drift_detector — ───────────────────────────────────────────────────────
2026-05-18 09:02:16 [INFO] drift_detector —   ville                   chi2       2.0179     0.3646 ✅ stable
2026-05-18 09:02:16 [INFO] drift_detector —   surface_m2              psi        0.0440     0.1882 ✅ stable
2026-05-18 09:02:16 [INFO] drift_detector —   age_bien                psi        0.0419     0.1982 ✅ stable
2026-05-18 09:02:16 [INFO] drift_detector —   nb_chambres             psi        0.0337     0.4510 ✅ stable
2026-05-18 09:02:16 [INFO] drift_detector — ───────────────────────────────────────────────────────
2026-05-18 09:02:16 [INFO] drift_detector —   [PREDICTIONS]           psi        0.1135     0.5253 🟡 warning (shift: +1.6%)
2026-05-18 09:02:16 [INFO] drift_detector — ───────────────────────────────────────────────────────
2026-05-18 09:02:16 [WARNING] drift_detector — 
  🟡 DRIFT EN COURS — Surveiller de près
     Features en warning : []

2026-05-18 09:02:16 [INFO] drift_detector — 🔍 DriftDetector initialisé — ref=500 lignes | 3 num | 1 cat
2026-05-18 09:02:16 [INFO] drift_detector — 
=======================================================
🔍 DRIFT DETECTION
   Référence : 500 lignes
   Courant   : 200 lignes
=======================================================
2026-05-18 09:02:16 [INFO] drift_detector — 
🔴 🔴 Drift [RETRAIN] — 0/4 features driftées | PSI global=0.040 | Prédictions driftées ⚠️
2026-05-18 09:02:16 [INFO] drift_detector — 
───────────────────────────────────────────────────────
2026-05-18 09:02:16 [INFO] drift_detector — Feature                   Test    Statistic    p-value Status
2026-05-18 09:02:16 [INFO] drift_detector — ───────────────────────────────────────────────────────
2026-05-18 09:02:16 [INFO] drift_detector —   ville                   chi2       2.0179     0.3646 ✅ stable
2026-05-18 09:02:16 [INFO] drift_detector —   surface_m2              psi        0.0440     0.1882 ✅ stable
2026-05-18 09:02:16 [INFO] drift_detector —   age_bien                psi        0.0419     0.1982 ✅ stable
2026-05-18 09:02:16 [INFO] drift_detector —   nb_chambres             psi        0.0337     0.4510 ✅ stable
2026-05-18 09:02:16 [INFO] drift_detector — ───────────────────────────────────────────────────────
2026-05-18 09:02:16 [INFO] drift_detector —   [PREDICTIONS]           psi       27.7499     0.0000 🔴 drift (shift: +200.9%)
2026-05-18 09:02:16 [INFO] drift_detector — ───────────────────────────────────────────────────────
2026-05-18 09:02:16 [WARNING] drift_detector — 
  🔴 DRIFT CONFIRMÉ — Retraining recommandé !
     Features driftées : []
     PSI global        : 0.0398
     Lancer : make train

2026-05-18 09:02:16 [INFO] drift_detector — 🔍 DriftDetector initialisé — ref=500 lignes | 3 num | 1 cat
2026-05-18 09:02:16 [INFO] drift_detector — 
=======================================================
🔍 DRIFT DETECTION
   Référence : 500 lignes
   Courant   : 200 lignes
=======================================================
2026-05-18 09:02:16 [INFO] drift_detector — 
✅ ✅ Drift [OK] — 0/4 features driftées | PSI global=0.040 | Prédictions OK
2026-05-18 09:02:16 [INFO] drift_detector — 
───────────────────────────────────────────────────────
2026-05-18 09:02:16 [INFO] drift_detector — Feature                   Test    Statistic    p-value Status
2026-05-18 09:02:16 [INFO] drift_detector — ───────────────────────────────────────────────────────
2026-05-18 09:02:16 [INFO] drift_detector —   ville                   chi2       2.0179     0.3646 ✅ stable
2026-05-18 09:02:16 [INFO] drift_detector —   surface_m2              psi        0.0440     0.1882 ✅ stable
2026-05-18 09:02:16 [INFO] drift_detector —   age_bien                psi        0.0419     0.1982 ✅ stable
2026-05-18 09:02:16 [INFO] drift_detector —   nb_chambres             psi        0.0337     0.4510 ✅ stable
2026-05-18 09:02:16 [INFO] drift_detector — ───────────────────────────────────────────────────────
2026-05-18 09:02:16 [INFO] drift_detector — 🔍 DriftDetector initialisé — ref=500 lignes | 3 num | 1 cat
2026-05-18 09:02:16 [INFO] drift_detector — 
=======================================================
🔍 DRIFT DETECTION
   Référence : 500 lignes
   Courant   : 200 lignes
=======================================================
2026-05-18 09:02:16 [INFO] drift_detector — 
🔴 🔴 Drift [RETRAIN] — 4/4 features driftées | PSI global=13.703 | Prédictions OK
2026-05-18 09:02:16 [INFO] drift_detector — 
───────────────────────────────────────────────────────
2026-05-18 09:02:16 [INFO] drift_detector — Feature                   Test    Statistic    p-value Status
2026-05-18 09:02:16 [INFO] drift_detector — ───────────────────────────────────────────────────────
2026-05-18 09:02:16 [INFO] drift_detector —   ville                   chi2   500049249.9455     0.0000 🔴 drift
2026-05-18 09:02:16 [INFO] drift_detector —   surface_m2              psi       15.7226     0.0000 🔴 drift
2026-05-18 09:02:16 [INFO] drift_detector —   nb_chambres             psi       12.8541     0.0000 🔴 drift
2026-05-18 09:02:16 [INFO] drift_detector —   age_bien                psi       12.5312     0.0000 🔴 drift
2026-05-18 09:02:16 [INFO] drift_detector — ───────────────────────────────────────────────────────
2026-05-18 09:02:16 [WARNING] drift_detector — 
  🔴 DRIFT CONFIRMÉ — Retraining recommandé !
     Features driftées : ['surface_m2', 'nb_chambres', 'age_bien', 'ville']
     PSI global        : 13.7026
     Lancer : make train

2026-05-18 09:02:16 [INFO] drift_detector — 🔍 DriftDetector initialisé — ref=500 lignes | 3 num | 1 cat
2026-05-18 09:02:16 [INFO] drift_detector — 
=======================================================
🔍 DRIFT DETECTION
   Référence : 500 lignes
   Courant   : 200 lignes
=======================================================
2026-05-18 09:02:16 [INFO] drift_detector — 
🔴 🔴 Drift [RETRAIN] — 0/4 features driftées | PSI global=0.040 | Prédictions driftées ⚠️
2026-05-18 09:02:16 [INFO] drift_detector — 
───────────────────────────────────────────────────────
2026-05-18 09:02:16 [INFO] drift_detector — Feature                   Test    Statistic    p-value Status
2026-05-18 09:02:16 [INFO] drift_detector — ───────────────────────────────────────────────────────
2026-05-18 09:02:16 [INFO] drift_detector —   ville                   chi2       2.0179     0.3646 ✅ stable
2026-05-18 09:02:16 [INFO] drift_detector —   surface_m2              psi        0.0440     0.1882 ✅ stable
2026-05-18 09:02:16 [INFO] drift_detector —   age_bien                psi        0.0419     0.1982 ✅ stable
2026-05-18 09:02:16 [INFO] drift_detector —   nb_chambres             psi        0.0337     0.4510 ✅ stable
2026-05-18 09:02:16 [INFO] drift_detector — ───────────────────────────────────────────────────────
2026-05-18 09:02:16 [INFO] drift_detector —   [PREDICTIONS]           psi       27.8690     0.0000 🔴 drift (shift: +301.2%)
2026-05-18 09:02:16 [INFO] drift_detector — ───────────────────────────────────────────────────────
2026-05-18 09:02:16 [WARNING] drift_detector — 
  🔴 DRIFT CONFIRMÉ — Retraining recommandé !
     Features driftées : []
     PSI global        : 0.0398
     Lancer : make train

2026-05-18 09:02:16 [INFO] drift_detector — 🔍 DriftDetector initialisé — ref=500 lignes | 3 num | 1 cat
2026-05-18 09:02:16 [INFO] drift_detector — 
=======================================================
🔍 DRIFT DETECTION
   Référence : 500 lignes
   Courant   : 200 lignes
=======================================================
2026-05-18 09:02:16 [INFO] drift_detector — 
✅ ✅ Drift [OK] — 0/4 features driftées | PSI global=0.040 | Prédictions OK
2026-05-18 09:02:16 [INFO] drift_detector — 
───────────────────────────────────────────────────────
2026-05-18 09:02:16 [INFO] drift_detector — Feature                   Test    Statistic    p-value Status
2026-05-18 09:02:16 [INFO] drift_detector — ───────────────────────────────────────────────────────
2026-05-18 09:02:16 [INFO] drift_detector —   ville                   chi2       2.0179     0.3646 ✅ stable
2026-05-18 09:02:16 [INFO] drift_detector —   surface_m2              psi        0.0440     0.1882 ✅ stable
2026-05-18 09:02:16 [INFO] drift_detector —   age_bien                psi        0.0419     0.1982 ✅ stable
2026-05-18 09:02:16 [INFO] drift_detector —   nb_chambres             psi        0.0337     0.4510 ✅ stable
2026-05-18 09:02:16 [INFO] drift_detector — ───────────────────────────────────────────────────────
2026-05-18 09:02:16 [INFO] drift_detector — 🔍 DriftDetector initialisé — ref=500 lignes | 3 num | 1 cat
2026-05-18 09:02:16 [INFO] drift_detector — 
=======================================================
🔍 DRIFT DETECTION
   Référence : 500 lignes
   Courant   : 200 lignes
=======================================================
2026-05-18 09:02:16 [INFO] drift_detector — 
✅ ✅ Drift [OK] — 0/4 features driftées | PSI global=0.040 | Prédictions OK
2026-05-18 09:02:16 [INFO] drift_detector — 
───────────────────────────────────────────────────────
2026-05-18 09:02:16 [INFO] drift_detector — Feature                   Test    Statistic    p-value Status
2026-05-18 09:02:16 [INFO] drift_detector — ───────────────────────────────────────────────────────
2026-05-18 09:02:16 [INFO] drift_detector —   ville                   chi2       2.0179     0.3646 ✅ stable
2026-05-18 09:02:16 [INFO] drift_detector —   surface_m2              psi        0.0440     0.1882 ✅ stable
2026-05-18 09:02:16 [INFO] drift_detector —   age_bien                psi        0.0419     0.1982 ✅ stable
2026-05-18 09:02:16 [INFO] drift_detector —   nb_chambres             psi        0.0337     0.4510 ✅ stable
2026-05-18 09:02:16 [INFO] drift_detector — ───────────────────────────────────────────────────────
2026-05-18 09:02:16 [INFO] drift_detector — 🔍 DriftDetector initialisé — ref=500 lignes | 3 num | 1 cat
2026-05-18 09:02:16 [INFO] drift_detector — 
=======================================================
🔍 DRIFT DETECTION
   Référence : 500 lignes
   Courant   : 200 lignes
=======================================================
2026-05-18 09:02:16 [INFO] drift_detector — 
✅ ✅ Drift [OK] — 0/4 features driftées | PSI global=0.040 | Prédictions OK
2026-05-18 09:02:16 [INFO] drift_detector — 
───────────────────────────────────────────────────────
2026-05-18 09:02:16 [INFO] drift_detector — Feature                   Test    Statistic    p-value Status
2026-05-18 09:02:16 [INFO] drift_detector — ───────────────────────────────────────────────────────
2026-05-18 09:02:16 [INFO] drift_detector —   ville                   chi2       2.0179     0.3646 ✅ stable
2026-05-18 09:02:16 [INFO] drift_detector —   surface_m2              psi        0.0440     0.1882 ✅ stable
2026-05-18 09:02:16 [INFO] drift_detector —   age_bien                psi        0.0419     0.1982 ✅ stable
2026-05-18 09:02:16 [INFO] drift_detector —   nb_chambres             psi        0.0337     0.4510 ✅ stable
2026-05-18 09:02:16 [INFO] drift_detector — ───────────────────────────────────────────────────────
2026-05-18 09:02:16 [INFO] drift_detector — 🔍 DriftDetector initialisé — ref=500 lignes | 3 num | 1 cat
2026-05-18 09:02:16 [INFO] drift_detector — 
=======================================================
🔍 DRIFT DETECTION
   Référence : 500 lignes
   Courant   : 200 lignes
=======================================================
2026-05-18 09:02:16 [INFO] drift_detector — 
🔴 🔴 Drift [RETRAIN] — 4/4 features driftées | PSI global=13.703 | Prédictions OK
2026-05-18 09:02:16 [INFO] drift_detector — 
───────────────────────────────────────────────────────
2026-05-18 09:02:16 [INFO] drift_detector — Feature                   Test    Statistic    p-value Status
2026-05-18 09:02:16 [INFO] drift_detector — ───────────────────────────────────────────────────────
2026-05-18 09:02:16 [INFO] drift_detector —   ville                   chi2   500049249.9455     0.0000 🔴 drift
2026-05-18 09:02:16 [INFO] drift_detector —   surface_m2              psi       15.7226     0.0000 🔴 drift
2026-05-18 09:02:16 [INFO] drift_detector —   nb_chambres             psi       12.8541     0.0000 🔴 drift
2026-05-18 09:02:16 [INFO] drift_detector —   age_bien                psi       12.5312     0.0000 🔴 drift
2026-05-18 09:02:16 [INFO] drift_detector — ───────────────────────────────────────────────────────
2026-05-18 09:02:16 [WARNING] drift_detector — 
  🔴 DRIFT CONFIRMÉ — Retraining recommandé !
     Features driftées : ['surface_m2', 'nb_chambres', 'age_bien', 'ville']
     PSI global        : 13.7026
     Lancer : make train

2026-05-18 09:02:16 [INFO] drift_detector — 🔍 DriftDetector initialisé — ref=500 lignes | 3 num | 1 cat
2026-05-18 09:02:16 [INFO] drift_detector — 
=======================================================
🔍 DRIFT DETECTION
   Référence : 500 lignes
   Courant   : 200 lignes
=======================================================
2026-05-18 09:02:16 [INFO] drift_detector — 
✅ ✅ Drift [OK] — 0/4 features driftées | PSI global=0.040 | Prédictions OK
2026-05-18 09:02:16 [INFO] drift_detector — 
───────────────────────────────────────────────────────
2026-05-18 09:02:16 [INFO] drift_detector — Feature                   Test    Statistic    p-value Status
2026-05-18 09:02:16 [INFO] drift_detector — ───────────────────────────────────────────────────────
2026-05-18 09:02:16 [INFO] drift_detector —   ville                   chi2       2.0179     0.3646 ✅ stable
2026-05-18 09:02:16 [INFO] drift_detector —   surface_m2              psi        0.0440     0.1882 ✅ stable
2026-05-18 09:02:16 [INFO] drift_detector —   age_bien                psi        0.0419     0.1982 ✅ stable
2026-05-18 09:02:16 [INFO] drift_detector —   nb_chambres             psi        0.0337     0.4510 ✅ stable
2026-05-18 09:02:16 [INFO] drift_detector — ───────────────────────────────────────────────────────
2026-05-18 09:02:16 [INFO] drift_detector — 
=======================================================
🔍 DRIFT DETECTION
   Référence : 500 lignes
   Courant   : 200 lignes
=======================================================
2026-05-18 09:02:16 [INFO] drift_detector — 
🔴 🔴 Drift [RETRAIN] — 4/4 features driftées | PSI global=13.703 | Prédictions OK
2026-05-18 09:02:16 [INFO] drift_detector — 
───────────────────────────────────────────────────────
2026-05-18 09:02:16 [INFO] drift_detector — Feature                   Test    Statistic    p-value Status
2026-05-18 09:02:16 [INFO] drift_detector — ───────────────────────────────────────────────────────
2026-05-18 09:02:16 [INFO] drift_detector —   ville                   chi2   500049249.9455     0.0000 🔴 drift
2026-05-18 09:02:16 [INFO] drift_detector —   surface_m2              psi       15.7226     0.0000 🔴 drift
2026-05-18 09:02:16 [INFO] drift_detector —   nb_chambres             psi       12.8541     0.0000 🔴 drift
2026-05-18 09:02:16 [INFO] drift_detector —   age_bien                psi       12.5312     0.0000 🔴 drift
2026-05-18 09:02:16 [INFO] drift_detector — ───────────────────────────────────────────────────────
2026-05-18 09:02:16 [WARNING] drift_detector — 
  🔴 DRIFT CONFIRMÉ — Retraining recommandé !
     Features driftées : ['surface_m2', 'nb_chambres', 'age_bien', 'ville']
     PSI global        : 13.7026
     Lancer : make train

2026-05-18 09:02:16 [INFO] drift_detector — 🔍 DriftDetector initialisé — ref=500 lignes | 3 num | 1 cat
2026-05-18 09:02:16 [INFO] drift_detector — 
=======================================================
🔍 DRIFT DETECTION
   Référence : 500 lignes
   Courant   : 200 lignes
=======================================================
2026-05-18 09:02:16 [INFO] drift_detector — 
✅ ✅ Drift [OK] — 0/4 features driftées | PSI global=0.040 | Prédictions OK
2026-05-18 09:02:16 [INFO] drift_detector — 
───────────────────────────────────────────────────────
2026-05-18 09:02:16 [INFO] drift_detector — Feature                   Test    Statistic    p-value Status
2026-05-18 09:02:16 [INFO] drift_detector — ───────────────────────────────────────────────────────
2026-05-18 09:02:16 [INFO] drift_detector —   ville                   chi2       2.0179     0.3646 ✅ stable
2026-05-18 09:02:16 [INFO] drift_detector —   surface_m2              psi        0.0440     0.1882 ✅ stable
2026-05-18 09:02:16 [INFO] drift_detector —   age_bien                psi        0.0419     0.1982 ✅ stable
2026-05-18 09:02:16 [INFO] drift_detector —   nb_chambres             psi        0.0337     0.4510 ✅ stable
2026-05-18 09:02:16 [INFO] drift_detector — ───────────────────────────────────────────────────────
2026-05-18 09:02:16 [INFO] drift_detector — 🔍 DriftDetector initialisé — ref=500 lignes | 3 num | 1 cat
2026-05-18 09:02:16 [INFO] drift_detector —    🔄 Référence mise à jour → 1000 lignes
2026-05-18 09:02:16 [INFO] drift_detector — 🔍 DriftDetector initialisé — ref=500 lignes | 3 num | 1 cat
2026-05-18 09:02:16 [INFO] drift_detector — 
=======================================================
🔍 DRIFT DETECTION
   Référence : 500 lignes
   Courant   : 200 lignes
=======================================================
2026-05-18 09:02:16 [INFO] drift_detector — 
✅ ✅ Drift [OK] — 0/4 features driftées | PSI global=0.040 | Prédictions OK
2026-05-18 09:02:16 [INFO] drift_detector — 
───────────────────────────────────────────────────────
2026-05-18 09:02:16 [INFO] drift_detector — Feature                   Test    Statistic    p-value Status
2026-05-18 09:02:16 [INFO] drift_detector — ───────────────────────────────────────────────────────
2026-05-18 09:02:16 [INFO] drift_detector —   ville                   chi2       2.0179     0.3646 ✅ stable
2026-05-18 09:02:16 [INFO] drift_detector —   surface_m2              psi        0.0440     0.1882 ✅ stable
2026-05-18 09:02:16 [INFO] drift_detector —   age_bien                psi        0.0419     0.1982 ✅ stable
2026-05-18 09:02:16 [INFO] drift_detector —   nb_chambres             psi        0.0337     0.4510 ✅ stable
2026-05-18 09:02:16 [INFO] drift_detector — ───────────────────────────────────────────────────────
2026-05-18 09:02:16 [INFO] drift_detector — 🔍 DriftDetector initialisé — ref=500 lignes | 3 num | 1 cat
2026-05-18 09:02:16 [INFO] drift_detector — 
=======================================================
🔍 DRIFT DETECTION
   Référence : 500 lignes
   Courant   : 200 lignes
=======================================================
2026-05-18 09:02:16 [INFO] drift_detector — 
✅ ✅ Drift [OK] — 0/4 features driftées | PSI global=0.040 | Prédictions OK
2026-05-18 09:02:16 [INFO] drift_detector — 
───────────────────────────────────────────────────────
2026-05-18 09:02:16 [INFO] drift_detector — Feature                   Test    Statistic    p-value Status
2026-05-18 09:02:16 [INFO] drift_detector — ───────────────────────────────────────────────────────
2026-05-18 09:02:16 [INFO] drift_detector —   ville                   chi2       2.0179     0.3646 ✅ stable
2026-05-18 09:02:16 [INFO] drift_detector —   surface_m2              psi        0.0440     0.1882 ✅ stable
2026-05-18 09:02:16 [INFO] drift_detector —   age_bien                psi        0.0419     0.1982 ✅ stable
2026-05-18 09:02:16 [INFO] drift_detector —   nb_chambres             psi        0.0337     0.4510 ✅ stable
2026-05-18 09:02:16 [INFO] drift_detector — ───────────────────────────────────────────────────────
2026-05-18 09:02:16 [INFO] drift_detector — 
=======================================================
🔍 DRIFT DETECTION
   Référence : 500 lignes
   Courant   : 200 lignes
=======================================================
2026-05-18 09:02:16 [INFO] drift_detector — 
🔴 🔴 Drift [RETRAIN] — 4/4 features driftées | PSI global=13.703 | Prédictions OK
2026-05-18 09:02:16 [INFO] drift_detector — 
───────────────────────────────────────────────────────
2026-05-18 09:02:16 [INFO] drift_detector — Feature                   Test    Statistic    p-value Status
2026-05-18 09:02:16 [INFO] drift_detector — ───────────────────────────────────────────────────────
2026-05-18 09:02:16 [INFO] drift_detector —   ville                   chi2   500049249.9455     0.0000 🔴 drift
2026-05-18 09:02:16 [INFO] drift_detector —   surface_m2              psi       15.7226     0.0000 🔴 drift
2026-05-18 09:02:16 [INFO] drift_detector —   nb_chambres             psi       12.8541     0.0000 🔴 drift
2026-05-18 09:02:16 [INFO] drift_detector —   age_bien                psi       12.5312     0.0000 🔴 drift
2026-05-18 09:02:16 [INFO] drift_detector — ───────────────────────────────────────────────────────
2026-05-18 09:02:16 [WARNING] drift_detector — 
  🔴 DRIFT CONFIRMÉ — Retraining recommandé !
     Features driftées : ['surface_m2', 'nb_chambres', 'age_bien', 'ville']
     PSI global        : 13.7026
     Lancer : make train

2026-05-18 09:02:17 [INFO] src.extract — ✅ Connexion PostgreSQL établie (localhost:5432/avito_db)
2026-05-18 09:02:17 [INFO] src.extract — ✅ Connexion PostgreSQL établie (myhost:5432/mydb)
2026-05-18 09:02:17 [WARNING] src.extract — ⚠️  Tentative 1/2 échouée : (builtins.Exception) 
[SQL: conn]
(Background on this error at: https://sqlalche.me/e/20/e3q8)
2026-05-18 09:02:17 [WARNING] src.extract — ⚠️  Tentative 2/2 échouée : (builtins.Exception) 
[SQL: conn]
(Background on this error at: https://sqlalche.me/e/20/e3q8)
2026-05-18 09:02:17 [INFO] src.extract — ✅ Schéma validé — 3 colonnes présentes
2026-05-18 09:02:17 [INFO] src.extract — 📥 Extraction depuis ml_schema.feature_store ...
2026-05-18 09:02:17 [INFO] src.extract — ✅ 3 lignes extraites — 3 colonnes (0.00s)
2026-05-18 09:02:17 [INFO] src.extract — ✅ Schéma validé — 3 colonnes présentes
2026-05-18 09:02:17 [INFO] src.extract — 📥 Extraction depuis ml_schema.feature_store ...
2026-05-18 09:02:17 [INFO] src.extract — ✅ 3 lignes extraites — 3 colonnes (0.00s)
2026-05-18 09:02:17 [INFO] src.extract — ✅ Schéma validé — 3 colonnes présentes
2026-05-18 09:02:17 [INFO] src.extract — 📥 Extraction depuis ml_schema.feature_store ...
2026-05-18 09:02:17 [INFO] src.extract — ✅ 3 lignes extraites — 3 colonnes (0.00s)
2026-05-18 09:02:17 [INFO] src.extract — ✅ Schéma validé — 3 colonnes présentes
2026-05-18 09:02:17 [INFO] src.extract — 📥 Extraction depuis ml_schema.feature_store ...
2026-05-18 09:02:17 [INFO] src.extract — ✅ 3 lignes extraites — 3 colonnes (0.00s)
2026-05-18 09:02:17 [INFO] src.extract — ✅ Schéma validé — 3 colonnes présentes
2026-05-18 09:02:17 [INFO] src.extract — 📥 Extraction depuis ml_schema.feature_store ...
2026-05-18 09:02:17 [INFO] src.extract — ✅ 3 lignes extraites — 3 colonnes (0.00s)
2026-05-18 09:02:17 [INFO] src.extract — ✅ Schéma validé — 3 colonnes présentes
2026-05-18 09:02:17 [INFO] src.extract — 📊 Valeurs manquantes détectées :
2026-05-18 09:02:17 [INFO] src.extract —    ville                               33.3%
2026-05-18 09:02:17 [INFO] src.extract — 📥 Extraction depuis ml_schema.feature_store ...
2026-05-18 09:02:17 [INFO] src.extract — ✅ 3 lignes extraites — 3 colonnes (0.00s)
2026-05-18 09:02:17 [INFO] src.extract — ✅ Schéma validé — 3 colonnes présentes
2026-05-18 09:02:17 [INFO] feature_store — 🏪 FeatureStore initialisé → /tmp/pytest-of-root/pytest-2/test_write_returns_stats0/test_store.db
2026-05-18 09:02:17 [INFO] feature_store —    🏪 FeatureStore.write → 'test_group' vv1 | 100 entités | 4 features
2026-05-18 09:02:17 [INFO] feature_store —    ✅ Écrit en 15.9ms | 11.6 KB | checksum=5585e651
2026-05-18 09:02:17 [INFO] feature_store — 🏪 FeatureStore initialisé → /tmp/pytest-of-root/pytest-2/test_write_creates_group0/test_store.db
2026-05-18 09:02:17 [INFO] feature_store —    🏪 FeatureStore.write → 'property_base' vv1 | 100 entités | 4 features
2026-05-18 09:02:17 [INFO] feature_store —    ✅ Écrit en 13.4ms | 11.6 KB | checksum=5585e651
2026-05-18 09:02:17 [INFO] feature_store — 🏪 FeatureStore initialisé → /tmp/pytest-of-root/pytest-2/test_write_stores_correct_feat0/test_store.db
2026-05-18 09:02:17 [INFO] feature_store —    🏪 FeatureStore.write → 'g1' vv1 | 100 entités | 4 features
2026-05-18 09:02:17 [INFO] feature_store —    ✅ Écrit en 13.5ms | 11.6 KB | checksum=5585e651
2026-05-18 09:02:17 [INFO] feature_store — 🏪 FeatureStore initialisé → /tmp/pytest-of-root/pytest-2/test_write_overwrite_replaces_0/test_store.db
2026-05-18 09:02:17 [INFO] feature_store —    🏪 FeatureStore.write → 'g1' vv1 | 100 entités | 4 features
2026-05-18 09:02:17 [INFO] feature_store —    ✅ Écrit en 13.0ms | 11.6 KB | checksum=5585e651
2026-05-18 09:02:17 [INFO] feature_store —    🏪 FeatureStore.write → 'g1' vv1 | 100 entités | 4 features
2026-05-18 09:02:17 [INFO] feature_store —    ✅ Écrit en 14.5ms | 10.2 KB | checksum=265dac04
2026-05-18 09:02:17 [INFO] feature_store —    🏪 FeatureStore.read → 'g1' vv1 | 100 entités | 1.9ms
2026-05-18 09:02:18 [INFO] feature_store — 🏪 FeatureStore initialisé → /tmp/pytest-of-root/pytest-2/test_write_different_versions0/test_store.db
2026-05-18 09:02:18 [INFO] feature_store —    🏪 FeatureStore.write → 'g1' vv1 | 100 entités | 4 features
2026-05-18 09:02:18 [INFO] feature_store —    ✅ Écrit en 12.9ms | 11.6 KB | checksum=5585e651
2026-05-18 09:02:18 [INFO] feature_store —    🏪 FeatureStore.write → 'g1' vv2 | 100 entités | 4 features
2026-05-18 09:02:18 [INFO] feature_store —    ✅ Écrit en 12.8ms | 11.6 KB | checksum=5585e651
2026-05-18 09:02:18 [INFO] feature_store —    🏪 FeatureStore.read → 'g1' vv1 | 100 entités | 1.8ms
2026-05-18 09:02:18 [INFO] feature_store —    🏪 FeatureStore.read → 'g1' vv2 | 100 entités | 1.9ms
2026-05-18 09:02:18 [INFO] feature_store — 🏪 FeatureStore initialisé → /tmp/pytest-of-root/pytest-2/test_write_handles_nan0/test_store.db
2026-05-18 09:02:18 [INFO] feature_store —    🏪 FeatureStore.write → 'g_nan' vv1 | 3 entités | 2 features
2026-05-18 09:02:18 [INFO] feature_store —    ✅ Écrit en 4.3ms | 0.1 KB | checksum=2490e67e
2026-05-18 09:02:18 [INFO] feature_store — 🏪 FeatureStore initialisé → /tmp/pytest-of-root/pytest-2/test_write_records_stats0/test_store.db
2026-05-18 09:02:18 [INFO] feature_store —    🏪 FeatureStore.write → 'g1' vv1 | 100 entités | 4 features
2026-05-18 09:02:18 [INFO] feature_store —    ✅ Écrit en 14.4ms | 11.6 KB | checksum=5585e651
2026-05-18 09:02:18 [INFO] feature_store — 🏪 FeatureStore initialisé → /tmp/pytest-of-root/pytest-2/test_read_returns_dataframe0/test_store.db
2026-05-18 09:02:18 [INFO] feature_store —    🏪 FeatureStore.write → 'g1' vv1 | 100 entités | 4 features
2026-05-18 09:02:18 [INFO] feature_store —    ✅ Écrit en 12.5ms | 11.6 KB | checksum=5585e651
2026-05-18 09:02:18 [INFO] feature_store —    🏪 FeatureStore.read → 'g1' vv1 | 100 entités | 1.7ms
2026-05-18 09:02:18 [INFO] feature_store — 🏪 FeatureStore initialisé → /tmp/pytest-of-root/pytest-2/test_read_by_entity_ids0/test_store.db
2026-05-18 09:02:18 [INFO] feature_store —    🏪 FeatureStore.write → 'g1' vv1 | 100 entités | 4 features
2026-05-18 09:02:18 [INFO] feature_store —    ✅ Écrit en 12.3ms | 11.6 KB | checksum=5585e651
2026-05-18 09:02:18 [INFO] feature_store —    🏪 FeatureStore.read → 'g1' vv1 | 3 entités | 1.3ms
2026-05-18 09:02:18 [INFO] feature_store — 🏪 FeatureStore initialisé → /tmp/pytest-of-root/pytest-2/test_read_returns_empty_for_mi0/test_store.db
2026-05-18 09:02:18 [WARNING] feature_store —    ⚠️  FeatureStore.read → 'nonexistent_group' vv1 : aucune donnée trouvée
2026-05-18 09:02:18 [INFO] feature_store — 🏪 FeatureStore initialisé → /tmp/pytest-of-root/pytest-2/test_read_specific_features0/test_store.db
2026-05-18 09:02:18 [INFO] feature_store —    🏪 FeatureStore.write → 'g1' vv1 | 100 entités | 4 features
2026-05-18 09:02:18 [INFO] feature_store —    ✅ Écrit en 14.4ms | 11.6 KB | checksum=5585e651
2026-05-18 09:02:18 [INFO] feature_store —    🏪 FeatureStore.read → 'g1' vv1 | 100 entités | 2.2ms
2026-05-18 09:02:18 [INFO] feature_store — 🏪 FeatureStore initialisé → /tmp/pytest-of-root/pytest-2/test_read_preserves_numeric_ty0/test_store.db
2026-05-18 09:02:18 [INFO] feature_store —    🏪 FeatureStore.write → 'g1' vv1 | 100 entités | 4 features
2026-05-18 09:02:18 [INFO] feature_store —    ✅ Écrit en 13.8ms | 11.6 KB | checksum=5585e651
2026-05-18 09:02:18 [INFO] feature_store —    🏪 FeatureStore.read → 'g1' vv1 | 100 entités | 2.0ms
2026-05-18 09:02:18 [INFO] feature_store — 🏪 FeatureStore initialisé → /tmp/pytest-of-root/pytest-2/test_read_all_returns_all_rows0/test_store.db
2026-05-18 09:02:18 [INFO] feature_store —    🏪 FeatureStore.write → 'g1' vv1 | 100 entités | 4 features
2026-05-18 09:02:18 [INFO] feature_store —    ✅ Écrit en 14.0ms | 11.6 KB | checksum=5585e651
2026-05-18 09:02:18 [INFO] feature_store —    🏪 FeatureStore.read → 'g1' vv1 | 100 entités | 2.0ms
2026-05-18 09:02:18 [INFO] feature_store — 🏪 FeatureStore initialisé → /tmp/pytest-of-root/pytest-2/test_cache_hit_on_second_read0/test_store.db
2026-05-18 09:02:18 [INFO] feature_store —    🏪 FeatureStore.write → 'g1' vv1 | 100 entités | 4 features
2026-05-18 09:02:18 [INFO] feature_store —    ✅ Écrit en 13.0ms | 11.6 KB | checksum=5585e651
2026-05-18 09:02:18 [INFO] feature_store —    🏪 FeatureStore.read → 'g1' vv1 | 100 entités | 1.8ms
2026-05-18 09:02:18 [INFO] feature_store — 🏪 FeatureStore initialisé → /tmp/pytest-of-root/pytest-2/test_cache_invalidated_after_w0/test_store.db
2026-05-18 09:02:18 [INFO] feature_store —    🏪 FeatureStore.write → 'g1' vv1 | 100 entités | 4 features
2026-05-18 09:02:18 [INFO] feature_store —    ✅ Écrit en 13.2ms | 11.6 KB | checksum=5585e651
2026-05-18 09:02:18 [INFO] feature_store —    🏪 FeatureStore.read → 'g1' vv1 | 100 entités | 1.8ms
2026-05-18 09:02:18 [INFO] feature_store —    🏪 FeatureStore.write → 'g1' vv1 | 100 entités | 4 features
2026-05-18 09:02:18 [INFO] feature_store —    ✅ Écrit en 12.5ms | 11.6 KB | checksum=5585e651
2026-05-18 09:02:18 [INFO] feature_store — 🏪 FeatureStore initialisé → /tmp/pytest-of-root/pytest-2/test_read_as_of_past_returns_e0/test_store.db
2026-05-18 09:02:18 [INFO] feature_store —    🏪 FeatureStore.write → 'g1' vv1 | 100 entités | 4 features
2026-05-18 09:02:18 [INFO] feature_store —    ✅ Écrit en 13.9ms | 11.6 KB | checksum=5585e651
2026-05-18 09:02:18 [WARNING] feature_store —    ⚠️  read_as_of → aucune donnée avant 2020-01-01T00:00:00
2026-05-18 09:02:18 [INFO] feature_store — 🏪 FeatureStore initialisé → /tmp/pytest-of-root/pytest-2/test_read_as_of_future_returns0/test_store.db
2026-05-18 09:02:18 [INFO] feature_store —    🏪 FeatureStore.write → 'g1' vv1 | 100 entités | 4 features
2026-05-18 09:02:18 [INFO] feature_store —    ✅ Écrit en 13.3ms | 11.6 KB | checksum=5585e651
2026-05-18 09:02:18 [INFO] feature_store —    🏪 read_as_of('g1', 2099-12-31) → 100 entités
2026-05-18 09:02:18 [INFO] feature_store — 🏪 FeatureStore initialisé → /tmp/pytest-of-root/pytest-2/test_assembles_multiple_groups0/test_store.db
2026-05-18 09:02:18 [INFO] feature_store —    🏪 FeatureStore.write → 'property_base' vv1 | 100 entités | 4 features
2026-05-18 09:02:18 [INFO] feature_store —    ✅ Écrit en 14.0ms | 11.6 KB | checksum=5585e651
2026-05-18 09:02:18 [INFO] feature_store —    🏪 FeatureStore.write → 'geographic' vv1 | 100 entités | 2 features
2026-05-18 09:02:18 [INFO] feature_store —    ✅ Écrit en 12.8ms | 5.8 KB | checksum=0da543f1
2026-05-18 09:02:18 [INFO] feature_store —    🏪 Assemblage dataset : ['property_base', 'geographic']
2026-05-18 09:02:18 [INFO] feature_store —    🏪 FeatureStore.read → 'property_base' vv1 | 100 entités | 1.9ms
2026-05-18 09:02:18 [INFO] feature_store —    🏪 FeatureStore.read → 'geographic' vv1 | 100 entités | 1.4ms
2026-05-18 09:02:18 [INFO] feature_store —    ✅ Dataset assemblé : 100 entités × 7 features
2026-05-18 09:02:18 [INFO] feature_store — 🏪 FeatureStore initialisé → /tmp/pytest-of-root/pytest-2/test_empty_group_is_ignored0/test_store.db
2026-05-18 09:02:18 [INFO] feature_store —    🏪 FeatureStore.write → 'property_base' vv1 | 100 entités | 4 features
2026-05-18 09:02:18 [INFO] feature_store —    ✅ Écrit en 13.5ms | 11.6 KB | checksum=5585e651
2026-05-18 09:02:18 [INFO] feature_store —    🏪 Assemblage dataset : ['property_base', 'nonexistent']
2026-05-18 09:02:18 [INFO] feature_store —    🏪 FeatureStore.read → 'property_base' vv1 | 100 entités | 1.8ms
2026-05-18 09:02:18 [WARNING] feature_store —    ⚠️  FeatureStore.read → 'nonexistent' vv1 : aucune donnée trouvée
2026-05-18 09:02:18 [WARNING] feature_store —    ⚠️  Groupe 'nonexistent' vide — ignoré
2026-05-18 09:02:18 [INFO] feature_store —    ✅ Dataset assemblé : 100 entités × 5 features
2026-05-18 09:02:18 [INFO] feature_store — 🏪 FeatureStore initialisé → /tmp/pytest-of-root/pytest-2/test_all_empty_returns_empty0/test_store.db
2026-05-18 09:02:18 [INFO] feature_store —    🏪 Assemblage dataset : ['nonexistent1', 'nonexistent2']
2026-05-18 09:02:18 [WARNING] feature_store —    ⚠️  FeatureStore.read → 'nonexistent1' vv1 : aucune donnée trouvée
2026-05-18 09:02:18 [WARNING] feature_store —    ⚠️  Groupe 'nonexistent1' vide — ignoré
2026-05-18 09:02:18 [WARNING] feature_store —    ⚠️  FeatureStore.read → 'nonexistent2' vv1 : aucune donnée trouvée
2026-05-18 09:02:18 [WARNING] feature_store —    ⚠️  Groupe 'nonexistent2' vide — ignoré
2026-05-18 09:02:18 [ERROR] feature_store —    ❌ Aucun groupe disponible pour assembler le dataset
2026-05-18 09:02:18 [INFO] feature_store — 🏪 FeatureStore initialisé → /tmp/pytest-of-root/pytest-2/test_writes_multiple_groups0/fs/store.db
2026-05-18 09:02:18 [INFO] feature_store —    🏪 FeatureStore.write → 'property_base' vv1 | 200 entités | 2 features
2026-05-18 09:02:18 [INFO] feature_store —    ✅ Écrit en 21.0ms | 10.4 KB | checksum=96739cf5
2026-05-18 09:02:18 [INFO] feature_store —    🏪 FeatureStore.write → 'property_derived' vv1 | 200 entités | 1 features
2026-05-18 09:02:18 [INFO] feature_store —    ✅ Écrit en 19.7ms | 6.6 KB | checksum=2af937d1
2026-05-18 09:02:18 [INFO] feature_store —    🏪 FeatureStore.write → 'geographic' vv1 | 200 entités | 1 features
2026-05-18 09:02:18 [INFO] feature_store —    ✅ Écrit en 22.4ms | 7.8 KB | checksum=4e2180ef
2026-05-18 09:02:18 [INFO] feature_store —    🏪 FeatureStore.write → 'temporal' vv1 | 200 entités | 1 features
2026-05-18 09:02:18 [INFO] feature_store —    ✅ Écrit en 18.1ms | 2.6 KB | checksum=95ecfc4d
2026-05-18 09:02:18 [INFO] feature_store —    💾 Référence drift sauvegardée → /tmp/pytest-of-root/pytest-2/test_writes_multiple_groups0/fs/reference_data.pkl
2026-05-18 09:02:18 [INFO] feature_store — 
============================================================
2026-05-18 09:02:18 [INFO] feature_store —    🏪 Feature Store Summary
2026-05-18 09:02:18 [INFO] feature_store —    Fichier : /tmp/pytest-of-root/pytest-2/test_writes_multiple_groups0/fs/store.db
2026-05-18 09:02:18 [INFO] feature_store — ============================================================
2026-05-18 09:02:18 [INFO] feature_store —    📦 geographic                | vv1 |    200 entités |   1 features | 2026-05-18T09:02:18 ✅
2026-05-18 09:02:18 [INFO] feature_store —    📦 property_base             | vv1 |    200 entités |   2 features | 2026-05-18T09:02:18 ✅
2026-05-18 09:02:18 [INFO] feature_store —    📦 property_derived          | vv1 |    200 entités |   1 features | 2026-05-18T09:02:18 ✅
2026-05-18 09:02:18 [INFO] feature_store —    📦 temporal                  | vv1 |    200 entités |   1 features | 2026-05-18T09:02:18 ✅
2026-05-18 09:02:18 [INFO] feature_store — ============================================================

2026-05-18 09:02:18 [INFO] feature_store — 🏪 FeatureStore initialisé → /tmp/pytest-of-root/pytest-2/test_saves_reference_data0/fs/store.db
2026-05-18 09:02:18 [INFO] feature_store —    🏪 FeatureStore.write → 'property_base' vv1 | 3 entités | 2 features
2026-05-18 09:02:18 [INFO] feature_store —    ✅ Écrit en 4.6ms | 0.1 KB | checksum=8ae798de
2026-05-18 09:02:18 [INFO] feature_store —    💾 Référence drift sauvegardée → /tmp/pytest-of-root/pytest-2/test_saves_reference_data0/fs/reference_data.pkl
2026-05-18 09:02:18 [INFO] feature_store — 
============================================================
2026-05-18 09:02:18 [INFO] feature_store —    🏪 Feature Store Summary
2026-05-18 09:02:18 [INFO] feature_store —    Fichier : /tmp/pytest-of-root/pytest-2/test_saves_reference_data0/fs/store.db
2026-05-18 09:02:18 [INFO] feature_store — ============================================================
2026-05-18 09:02:18 [INFO] feature_store —    📦 property_base             | vv1 |      3 entités |   2 features | 2026-05-18T09:02:18 ✅
2026-05-18 09:02:18 [INFO] feature_store — ============================================================

2026-05-18 09:02:18 [INFO] feature_store — 🏪 FeatureStore initialisé → /tmp/pytest-of-root/pytest-2/test_list_groups_empty_initial0/test_store.db
2026-05-18 09:02:18 [INFO] feature_store — 🏪 FeatureStore initialisé → /tmp/pytest-of-root/pytest-2/test_list_groups_after_write0/test_store.db
2026-05-18 09:02:18 [INFO] feature_store —    🏪 FeatureStore.write → 'g1' vv1 | 100 entités | 4 features
2026-05-18 09:02:18 [INFO] feature_store —    ✅ Écrit en 13.4ms | 11.6 KB | checksum=5585e651
2026-05-18 09:02:18 [INFO] feature_store —    🏪 FeatureStore.write → 'g2' vv1 | 100 entités | 4 features
2026-05-18 09:02:18 [INFO] feature_store —    ✅ Écrit en 12.1ms | 11.6 KB | checksum=5585e651
2026-05-18 09:02:18 [INFO] feature_store — 🏪 FeatureStore initialisé → /tmp/pytest-of-root/pytest-2/test_freshness_returns_dict0/test_store.db
2026-05-18 09:02:18 [INFO] feature_store —    🏪 FeatureStore.write → 'g1' vv1 | 100 entités | 4 features
2026-05-18 09:02:18 [INFO] feature_store —    ✅ Écrit en 13.6ms | 11.6 KB | checksum=5585e651
2026-05-18 09:02:18 [INFO] feature_store — 🏪 FeatureStore initialisé → /tmp/pytest-of-root/pytest-2/test_checksum_changes_with_dat0/test_store.db
2026-05-18 09:02:18 [INFO] feature_store —    🏪 FeatureStore.write → 'g1' vv1 | 100 entités | 4 features
2026-05-18 09:02:18 [INFO] feature_store —    ✅ Écrit en 14.3ms | 11.6 KB | checksum=5585e651
2026-05-18 09:02:18 [INFO] feature_store —    🏪 FeatureStore.write → 'g1' vv2 | 100 entités | 4 features
2026-05-18 09:02:18 [INFO] feature_store —    ✅ Écrit en 13.0ms | 10.2 KB | checksum=265dac04
2026-05-18 09:02:18 [INFO] src.features —    ✅ log_prix créé (train uniquement)
2026-05-18 09:02:18 [INFO] src.features —    ✅ log_prix créé (train uniquement)
2026-05-18 09:02:18 [INFO] src.features —    ✅ log_prix créé (train uniquement)
2026-05-18 09:02:18 [INFO] src.features —    ✅ prix_par_m2 + log_prix_par_m2 créés (train uniquement)
2026-05-18 09:02:18 [INFO] src.features —    ✅ prix_par_m2 + log_prix_par_m2 créés (train uniquement)
2026-05-18 09:02:18 [INFO] src.features —    ✅ prix_par_m2 + log_prix_par_m2 créés (train uniquement)
2026-05-18 09:02:18 [INFO] src.features —    ✅ surface_x_chambres + surface_par_chambre créés
2026-05-18 09:02:18 [INFO] src.features —    ✅ ratio_chambres_bains créé
2026-05-18 09:02:18 [INFO] src.features —    ✅ surface_x_chambres + surface_par_chambre créés
2026-05-18 09:02:18 [INFO] src.features —    ✅ ratio_chambres_bains créé
2026-05-18 09:02:18 [INFO] src.features —    ✅ surface_x_chambres + surface_par_chambre créés
2026-05-18 09:02:18 [INFO] src.features —    ✅ ratio_chambres_bains créé
2026-05-18 09:02:18 [INFO] src.features —    ✅ score_luxe créé (4 équipements)
2026-05-18 09:02:18 [INFO] src.features —    ✅ score_luxe créé (4 équipements)
2026-05-18 09:02:18 [INFO] src.features —    ✅ Features temporelles créées depuis 'date_annonce'
2026-05-18 09:02:19 [INFO] src.features —    ✅ Features temporelles créées depuis 'date_annonce'
2026-05-18 09:02:19 [INFO] src.features —    ✅ Features temporelles créées depuis 'date_annonce'
2026-05-18 09:02:19 [INFO] src.features —    ✅ Features temporelles créées depuis 'date_annonce'
2026-05-18 09:02:19 [WARNING] src.features —    ⚠️  Pas de colonne date — features temporelles ignorées
2026-05-18 09:02:19 [INFO] src.features —    ✅ categorie_prix ← type_bien
2026-05-18 09:02:19 [INFO] src.features —    ⚠️  categorie_prix ← segments de prix (fallback — bas<666,007 | moyen<1,235,064 | élevé)
2026-05-18 09:02:19 [WARNING] src.features —    ⚠️  La cible classification est dérivée du prix de régression. Préférer 'type_bien' ou un équipement comme cible.
2026-05-18 09:02:19 [INFO] src.features —    ✅ categorie_prix ← type_bien
2026-05-18 09:02:19 [INFO] src.features —    ✅ categorie_prix ← type_bien
2026-05-18 09:02:19 [INFO] src.features —    ✅ Stats géo fittées sur 120 lignes train
2026-05-18 09:02:19 [INFO] src.features —    ✅ Stats géo fittées sur 120 lignes train
2026-05-18 09:02:19 [INFO] src.features —    ✅ Stats géo fittées sur 120 lignes train
2026-05-18 09:02:19 [INFO] src.features —    ✅ Stats géo appliquées
2026-05-18 09:02:19 [INFO] src.features —    ✅ Stats géo fittées sur 120 lignes train
2026-05-18 09:02:19 [INFO] src.features —    ✅ Stats géo appliquées
2026-05-18 09:02:19 [INFO] src.features —    ✅ Stats géo fittées sur 120 lignes train
2026-05-18 09:02:19 [INFO] src.features —    ✅ Stats géo appliquées
2026-05-18 09:02:19 [INFO] src.features —    ✅ Stats géo fittées sur 120 lignes train
2026-05-18 09:02:19 [INFO] src.features —    ✅ Stats géo appliquées
2026-05-18 09:02:19 [INFO] src.features — 
==================================================
2026-05-18 09:02:19 [INFO] src.features — ⚙️  FEATURE ENGINEERING — TRAIN SET
2026-05-18 09:02:19 [INFO] src.features — ==================================================
2026-05-18 09:02:19 [INFO] src.features —    ✅ categorie_prix ← type_bien
2026-05-18 09:02:19 [INFO] src.features —    ✅ surface_x_chambres + surface_par_chambre créés
2026-05-18 09:02:19 [INFO] src.features —    ✅ ratio_chambres_bains créé
2026-05-18 09:02:19 [INFO] src.features —    ✅ score_luxe créé (4 équipements)
2026-05-18 09:02:19 [INFO] src.features —    ✅ Features temporelles créées depuis 'date_annonce'
2026-05-18 09:02:19 [INFO] src.features —    ✅ log_prix créé (train uniquement)
2026-05-18 09:02:19 [INFO] src.features —    ✅ prix_par_m2 + log_prix_par_m2 créés (train uniquement)
2026-05-18 09:02:19 [INFO] src.features —    ✅ Stats géo fittées sur 120 lignes train
2026-05-18 09:02:19 [INFO] src.features —    ✅ Stats géo appliquées
2026-05-18 09:02:19 [INFO] src.features — 
✅ Train FE terminé : 12 → 29 colonnes
2026-05-18 09:02:19 [INFO] src.features — 
==================================================
2026-05-18 09:02:19 [INFO] src.features — ⚙️  FEATURE ENGINEERING — TRAIN SET
2026-05-18 09:02:19 [INFO] src.features — ==================================================
2026-05-18 09:02:19 [INFO] src.features —    ✅ categorie_prix ← type_bien
2026-05-18 09:02:19 [INFO] src.features —    ✅ surface_x_chambres + surface_par_chambre créés
2026-05-18 09:02:19 [INFO] src.features —    ✅ ratio_chambres_bains créé
2026-05-18 09:02:19 [INFO] src.features —    ✅ score_luxe créé (4 équipements)
2026-05-18 09:02:19 [INFO] src.features —    ✅ Features temporelles créées depuis 'date_annonce'
2026-05-18 09:02:19 [INFO] src.features —    ✅ log_prix créé (train uniquement)
2026-05-18 09:02:19 [INFO] src.features —    ✅ prix_par_m2 + log_prix_par_m2 créés (train uniquement)
2026-05-18 09:02:19 [INFO] src.features —    ✅ Stats géo fittées sur 120 lignes train
2026-05-18 09:02:19 [INFO] src.features —    ✅ Stats géo appliquées
2026-05-18 09:02:19 [INFO] src.features — 
✅ Train FE terminé : 12 → 29 colonnes
2026-05-18 09:02:19 [INFO] src.features — 
==================================================
2026-05-18 09:02:19 [INFO] src.features — ⚙️  FEATURE ENGINEERING — TRAIN SET
2026-05-18 09:02:19 [INFO] src.features — ==================================================
2026-05-18 09:02:19 [INFO] src.features —    ✅ categorie_prix ← type_bien
2026-05-18 09:02:19 [INFO] src.features —    ✅ surface_x_chambres + surface_par_chambre créés
2026-05-18 09:02:19 [INFO] src.features —    ✅ ratio_chambres_bains créé
2026-05-18 09:02:19 [INFO] src.features —    ✅ score_luxe créé (4 équipements)
2026-05-18 09:02:19 [INFO] src.features —    ✅ Features temporelles créées depuis 'date_annonce'
2026-05-18 09:02:19 [INFO] src.features —    ✅ log_prix créé (train uniquement)
2026-05-18 09:02:19 [INFO] src.features —    ✅ prix_par_m2 + log_prix_par_m2 créés (train uniquement)
2026-05-18 09:02:19 [INFO] src.features —    ✅ Stats géo fittées sur 120 lignes train
2026-05-18 09:02:19 [INFO] src.features —    ✅ Stats géo appliquées
2026-05-18 09:02:19 [INFO] src.features — 
✅ Train FE terminé : 12 → 29 colonnes
2026-05-18 09:02:19 [INFO] src.features — 
⚙️  FEATURE ENGINEERING — TEST SET
2026-05-18 09:02:19 [INFO] src.features —    ✅ surface_x_chambres + surface_par_chambre créés
2026-05-18 09:02:19 [INFO] src.features —    ✅ ratio_chambres_bains créé
2026-05-18 09:02:19 [INFO] src.features —    ✅ score_luxe créé (4 équipements)
2026-05-18 09:02:19 [INFO] src.features —    ✅ Features temporelles créées depuis 'date_annonce'
2026-05-18 09:02:19 [INFO] src.features —    ✅ Stats géo appliquées
2026-05-18 09:02:19 [INFO] src.features — ✅ Test FE terminé : 25 colonnes
2026-05-18 09:02:19 [INFO] src.features — 
==================================================
2026-05-18 09:02:19 [INFO] src.features — ⚙️  FEATURE ENGINEERING — TRAIN SET
2026-05-18 09:02:19 [INFO] src.features — ==================================================
2026-05-18 09:02:19 [INFO] src.features —    ✅ categorie_prix ← type_bien
2026-05-18 09:02:19 [INFO] src.features —    ✅ surface_x_chambres + surface_par_chambre créés
2026-05-18 09:02:19 [INFO] src.features —    ✅ ratio_chambres_bains créé
2026-05-18 09:02:19 [INFO] src.features —    ✅ score_luxe créé (4 équipements)
2026-05-18 09:02:19 [INFO] src.features —    ✅ Features temporelles créées depuis 'date_annonce'
2026-05-18 09:02:19 [INFO] src.features —    ✅ log_prix créé (train uniquement)
2026-05-18 09:02:19 [INFO] src.features —    ✅ prix_par_m2 + log_prix_par_m2 créés (train uniquement)
2026-05-18 09:02:19 [INFO] src.features —    ✅ Stats géo fittées sur 120 lignes train
2026-05-18 09:02:19 [INFO] src.features —    ✅ Stats géo appliquées
2026-05-18 09:02:19 [INFO] src.features — 
✅ Train FE terminé : 12 → 29 colonnes
2026-05-18 09:02:19 [INFO] src.features — 
⚙️  FEATURE ENGINEERING — TEST SET
2026-05-18 09:02:19 [INFO] src.features —    ✅ surface_x_chambres + surface_par_chambre créés
2026-05-18 09:02:19 [INFO] src.features —    ✅ ratio_chambres_bains créé
2026-05-18 09:02:19 [INFO] src.features —    ✅ score_luxe créé (4 équipements)
2026-05-18 09:02:19 [INFO] src.features —    ✅ Features temporelles créées depuis 'date_annonce'
2026-05-18 09:02:19 [INFO] src.features —    ✅ Stats géo appliquées
2026-05-18 09:02:19 [INFO] src.features — ✅ Test FE terminé : 25 colonnes
2026-05-18 09:02:19 [INFO] src.features — 
==================================================
2026-05-18 09:02:19 [INFO] src.features — ⚙️  FEATURE ENGINEERING — TRAIN SET
2026-05-18 09:02:19 [INFO] src.features — ==================================================
2026-05-18 09:02:19 [INFO] src.features —    ✅ categorie_prix ← type_bien
2026-05-18 09:02:19 [INFO] src.features —    ✅ surface_x_chambres + surface_par_chambre créés
2026-05-18 09:02:19 [INFO] src.features —    ✅ ratio_chambres_bains créé
2026-05-18 09:02:19 [INFO] src.features —    ✅ score_luxe créé (4 équipements)
2026-05-18 09:02:19 [INFO] src.features —    ✅ Features temporelles créées depuis 'date_annonce'
2026-05-18 09:02:19 [INFO] src.features —    ✅ log_prix créé (train uniquement)
2026-05-18 09:02:19 [INFO] src.features —    ✅ prix_par_m2 + log_prix_par_m2 créés (train uniquement)
2026-05-18 09:02:19 [INFO] src.features —    ✅ Stats géo fittées sur 120 lignes train
2026-05-18 09:02:19 [INFO] src.features —    ✅ Stats géo appliquées
2026-05-18 09:02:19 [INFO] src.features — 
✅ Train FE terminé : 12 → 29 colonnes
2026-05-18 09:02:19 [INFO] src.features — 
⚙️  FEATURE ENGINEERING — TEST SET
2026-05-18 09:02:19 [INFO] src.features —    ✅ surface_x_chambres + surface_par_chambre créés
2026-05-18 09:02:19 [INFO] src.features —    ✅ ratio_chambres_bains créé
2026-05-18 09:02:19 [INFO] src.features —    ✅ score_luxe créé (4 équipements)
2026-05-18 09:02:19 [INFO] src.features —    ✅ Features temporelles créées depuis 'date_annonce'
2026-05-18 09:02:19 [INFO] src.features —    ✅ Stats géo appliquées
2026-05-18 09:02:19 [INFO] src.features — ✅ Test FE terminé : 25 colonnes
2026-05-18 09:02:19 [INFO] src.features — 
==================================================
2026-05-18 09:02:19 [INFO] src.features — ⚙️  FEATURE ENGINEERING — TRAIN SET
2026-05-18 09:02:19 [INFO] src.features — ==================================================
2026-05-18 09:02:19 [INFO] src.features —    ✅ categorie_prix ← type_bien
2026-05-18 09:02:19 [INFO] src.features —    ✅ surface_x_chambres + surface_par_chambre créés
2026-05-18 09:02:19 [INFO] src.features —    ✅ ratio_chambres_bains créé
2026-05-18 09:02:19 [INFO] src.features —    ✅ score_luxe créé (4 équipements)
2026-05-18 09:02:19 [INFO] src.features —    ✅ Features temporelles créées depuis 'date_annonce'
2026-05-18 09:02:19 [INFO] src.features —    ✅ log_prix créé (train uniquement)
2026-05-18 09:02:19 [INFO] src.features —    ✅ prix_par_m2 + log_prix_par_m2 créés (train uniquement)
2026-05-18 09:02:19 [INFO] src.features —    ✅ Stats géo fittées sur 120 lignes train
2026-05-18 09:02:19 [INFO] src.features —    ✅ Stats géo appliquées
2026-05-18 09:02:19 [INFO] src.features — 
✅ Train FE terminé : 12 → 29 colonnes
2026-05-18 09:02:19 [INFO] src.features —    ✅ Stats géo fittées sur 30 lignes train
2026-05-18 09:02:19 [INFO] baselines — 
==================================================
2026-05-18 09:02:19 [INFO] baselines — 📏 BASELINES RÉGRESSION
2026-05-18 09:02:19 [INFO] baselines — ==================================================
2026-05-18 09:02:19 [INFO] baselines —    dummy_mean           → R²=-0.0656 | MAE=         137 | MAPE=118.1%
2026-05-18 09:02:19 [INFO] baselines —    dummy_median         → R²=-0.0356 | MAE=         135 | MAPE=162.2%
2026-05-18 09:02:19 [INFO] baselines —    dummy_quantile75     → R²=-0.2076 | MAE=         154 | MAPE=708.1%
2026-05-18 09:02:19 [INFO] baselines — 
==================================================
2026-05-18 09:02:19 [INFO] baselines — 📏 BASELINES RÉGRESSION
2026-05-18 09:02:19 [INFO] baselines — ==================================================
2026-05-18 09:02:19 [INFO] baselines —    dummy_mean           → R²=-0.0656 | MAE=         137 | MAPE=118.1%
2026-05-18 09:02:19 [INFO] baselines —    dummy_median         → R²=-0.0356 | MAE=         135 | MAPE=162.2%
2026-05-18 09:02:19 [INFO] baselines —    dummy_quantile75     → R²=-0.2076 | MAE=         154 | MAPE=708.1%
2026-05-18 09:02:19 [INFO] baselines — 
==================================================
2026-05-18 09:02:19 [INFO] baselines — 📏 BASELINES RÉGRESSION
2026-05-18 09:02:19 [INFO] baselines — ==================================================
2026-05-18 09:02:19 [INFO] baselines —    dummy_mean           → R²=-0.0656 | MAE=         137 | MAPE=118.1%
2026-05-18 09:02:19 [INFO] baselines —    dummy_median         → R²=-0.0356 | MAE=         135 | MAPE=162.2%
2026-05-18 09:02:19 [INFO] baselines —    dummy_quantile75     → R²=-0.2076 | MAE=         154 | MAPE=708.1%
2026-05-18 09:02:19 [INFO] baselines — 
==================================================
2026-05-18 09:02:19 [INFO] baselines — 📏 BASELINES CLASSIFICATION
2026-05-18 09:02:19 [INFO] baselines — ==================================================
2026-05-18 09:02:19 [INFO] baselines —    dummy_most_frequent       → F1=0.6429 | Acc=0.7500
2026-05-18 09:02:19 [INFO] baselines —    dummy_stratified          → F1=0.6228 | Acc=0.6125
2026-05-18 09:02:19 [INFO] baselines —    dummy_uniform             → F1=0.3250 | Acc=0.2875
2026-05-18 09:02:19 [INFO] baselines — 
==================================================
2026-05-18 09:02:19 [INFO] baselines — 📏 BASELINES RÉGRESSION
2026-05-18 09:02:19 [INFO] baselines — ==================================================
2026-05-18 09:02:19 [INFO] baselines —    dummy_mean           → R²=-0.0656 | MAE=         137 | MAPE=118.1%
2026-05-18 09:02:19 [INFO] baselines —    dummy_median         → R²=-0.0356 | MAE=         135 | MAPE=162.2%
2026-05-18 09:02:19 [INFO] baselines —    dummy_quantile75     → R²=-0.2076 | MAE=         154 | MAPE=708.1%
2026-05-18 09:02:19 [INFO] baselines — 
==================================================
2026-05-18 09:02:19 [INFO] baselines — 📏 BASELINES CLASSIFICATION
2026-05-18 09:02:19 [INFO] baselines — ==================================================
2026-05-18 09:02:19 [INFO] baselines —    dummy_most_frequent       → F1=0.6429 | Acc=0.7500
2026-05-18 09:02:19 [INFO] baselines —    dummy_stratified          → F1=0.6228 | Acc=0.6125
2026-05-18 09:02:19 [INFO] baselines —    dummy_uniform             → F1=0.3250 | Acc=0.2875
2026-05-18 09:02:19 [INFO] smote_handler — 
==================================================
2026-05-18 09:02:19 [INFO] smote_handler — ⚖️  SMOTE — Gestion du déséquilibre des classes
2026-05-18 09:02:19 [INFO] smote_handler — ==================================================
2026-05-18 09:02:19 [INFO] smote_handler —    Avant SMOTE :
2026-05-18 09:02:19 [INFO] smote_handler —      0                  220  ( 68.8%)  █████████████
2026-05-18 09:02:19 [INFO] smote_handler —      1                   65  ( 20.3%)  ████
2026-05-18 09:02:19 [INFO] smote_handler —      2                   35  ( 10.9%)  ██
2026-05-18 09:02:19 [INFO] smote_handler —    Ratio déséquilibre : 0.159 (seuil : 0.5)
2026-05-18 09:02:19 [INFO] smote_handler —    Après SMOTE :
2026-05-18 09:02:19 [INFO] smote_handler —      0                  220  ( 33.3%)  ██████
2026-05-18 09:02:19 [INFO] smote_handler —      1                  220  ( 33.3%)  ██████
2026-05-18 09:02:19 [INFO] smote_handler —      2                  220  ( 33.3%)  ██████
2026-05-18 09:02:19 [INFO] smote_handler —    ✅ SMOTE appliqué : 320 → 660 (+340 samples synthétiques)
2026-05-18 09:02:19 [INFO] smote_handler — 
==================================================
2026-05-18 09:02:19 [INFO] smote_handler — ⚖️  SMOTE — Gestion du déséquilibre des classes
2026-05-18 09:02:19 [INFO] smote_handler — ==================================================
2026-05-18 09:02:19 [INFO] smote_handler —    Avant SMOTE :
2026-05-18 09:02:19 [INFO] smote_handler —      0                  120  ( 50.0%)  ██████████
2026-05-18 09:02:19 [INFO] smote_handler —      1                  120  ( 50.0%)  ██████████
2026-05-18 09:02:19 [INFO] smote_handler —    Ratio déséquilibre : 1.000 (seuil : 0.5)
2026-05-18 09:02:19 [INFO] smote_handler —    ℹ️  Déséquilibre non significatif — SMOTE non appliqué
2026-05-18 09:02:19 [INFO] smote_handler — 
==================================================
2026-05-18 09:02:19 [INFO] smote_handler — ⚖️  SMOTE — Gestion du déséquilibre des classes
2026-05-18 09:02:19 [INFO] smote_handler — ==================================================
2026-05-18 09:02:19 [INFO] smote_handler —    Avant SMOTE :
2026-05-18 09:02:19 [INFO] smote_handler —      0                  220  ( 68.8%)  █████████████
2026-05-18 09:02:19 [INFO] smote_handler —      1                   65  ( 20.3%)  ████
2026-05-18 09:02:19 [INFO] smote_handler —      2                   35  ( 10.9%)  ██
2026-05-18 09:02:19 [INFO] smote_handler —    Ratio déséquilibre : 0.159 (seuil : 0.5)
2026-05-18 09:02:19 [INFO] smote_handler —    Après SMOTE :
2026-05-18 09:02:19 [INFO] smote_handler —      0                  220  ( 33.3%)  ██████
2026-05-18 09:02:19 [INFO] smote_handler —      1                  220  ( 33.3%)  ██████
2026-05-18 09:02:19 [INFO] smote_handler —      2                  220  ( 33.3%)  ██████
2026-05-18 09:02:19 [INFO] smote_handler —    ✅ SMOTE appliqué : 320 → 660 (+340 samples synthétiques)
2026-05-18 09:02:19 [INFO] monitoring —    ⏱  [test_step] démarré ...
2026-05-18 09:02:19 [INFO] monitoring —    ✅ [test_step] terminé en 0.05s
2026-05-18 09:02:19 [INFO] monitoring —    ⏱  [ok_step] démarré ...
2026-05-18 09:02:19 [INFO] monitoring —    ✅ [ok_step] terminé en 0.00s
2026-05-18 09:02:19 [INFO] monitoring —    ⏱  [fail_step] démarré ...
2026-05-18 09:02:19 [ERROR] monitoring —    ❌ [fail_step] ERREUR après 0.00s : intentional
2026-05-18 09:02:19 [WARNING] monitoring —    🔔 ALERTE RÉGRESSION : R2=0.5000 < seuil=0.8000
2026-05-18 09:02:19 [INFO] monitoring —    ✅ R²=0.9000 ≥ seuil 0.5 — OK
2026-05-18 09:02:19 [INFO] monitoring —    ⏱  [step1] démarré ...
2026-05-18 09:02:19 [INFO] monitoring —    ✅ [step1] terminé en 0.00s
2026-05-18 09:02:19 [INFO] monitoring —    💾 Monitoring → /tmp/pytest-of-root/pytest-2/test_save_report_creates_json0/monitoring_report.json
2026-05-18 09:02:19 [INFO] monitoring —    ⏱  [step_a] démarré ...
2026-05-18 09:02:19 [INFO] monitoring —    ✅ [step_a] terminé en 0.00s
2026-05-18 09:02:19 [INFO] prediction_intervals —    PredictionIntervals : method=quantile, CI=95%, alpha=0.050
2026-05-18 09:02:19 [INFO] prediction_intervals —    PI : calibration quantile des résidus ...
2026-05-18 09:02:19 [INFO] prediction_intervals —    PI quantile calibré : [-94, +93]
2026-05-18 09:02:19 [INFO] prediction_intervals —    PI 95% : largeur moyenne = 138 MAD | min=-497 | max=614
2026-05-18 09:02:19 [INFO] prediction_intervals —    PredictionIntervals : method=quantile, CI=95%, alpha=0.050
2026-05-18 09:02:19 [INFO] prediction_intervals —    PI : calibration quantile des résidus ...
2026-05-18 09:02:19 [INFO] prediction_intervals —    PI quantile calibré : [-94, +93]
2026-05-18 09:02:19 [INFO] prediction_intervals —    PI 95% : largeur moyenne = 138 MAD | min=-497 | max=614
2026-05-18 09:02:19 [INFO] prediction_intervals —    PredictionIntervals : method=quantile, CI=95%, alpha=0.050
2026-05-18 09:02:19 [INFO] prediction_intervals —    PI : calibration quantile des résidus ...
2026-05-18 09:02:19 [INFO] prediction_intervals —    PI quantile calibré : [-94, +93]
2026-05-18 09:02:19 [INFO] prediction_intervals —    PI 95% : largeur moyenne = 138 MAD | min=-497 | max=614
2026-05-18 09:02:19 [INFO] prediction_intervals —    📐 Couverture réelle : 76.7% (cible : 95.0%, écart : -18.3%)
2026-05-18 09:02:19 [INFO] prediction_intervals —    📐 Largeur moyenne   : 138
2026-05-18 09:02:19 [WARNING] prediction_intervals —    ⚠️  Écart couverture > 5% — envisager une recalibration
2026-05-18 09:02:19 [INFO] prediction_intervals —    PredictionIntervals : method=bootstrap, CI=95%, alpha=0.050
2026-05-18 09:02:19 [INFO] prediction_intervals —    PI : bootstrap avec 200 modèles ...
2026-05-18 09:02:19 [INFO] prediction_intervals —    ✅ 200 modèles bootstrap entraînés
2026-05-18 09:02:20 [INFO] prediction_intervals —    PI 95% : largeur moyenne = 33 MAD | min=-497 | max=543
2026-05-18 09:02:20 [INFO] prediction_intervals —    PredictionIntervals : method=quantile, CI=95%, alpha=0.050
2026-05-18 09:02:20 [INFO] prediction_intervals —    PredictionIntervals : method=quantile, CI=95%, alpha=0.050
2026-05-18 09:02:20 [INFO] prediction_intervals —    PI : calibration quantile des résidus ...
2026-05-18 09:02:20 [INFO] prediction_intervals —    PI quantile calibré : [-94, +93]
2026-05-18 09:02:20 [INFO] prediction_intervals —    PI 95% : largeur moyenne = 138 MAD | min=-497 | max=614
2026-05-18 09:02:20 [INFO] data_validation — 
==================================================
2026-05-18 09:02:20 [INFO] data_validation — 🛡️  VALIDATION DONNÉES — stade : input
2026-05-18 09:02:20 [INFO] data_validation — ==================================================
2026-05-18 09:02:20 [INFO] data_validation —    ✅ DataFrame non vide : 5 lignes
2026-05-18 09:02:20 [INFO] data_validation —    ✅ Toutes les colonnes obligatoires présentes et non-vides (3)
2026-05-18 09:02:20 [INFO] data_validation —    ✅ [prix] type : int64 ✓
2026-05-18 09:02:20 [INFO] data_validation —    ✅ [surface_m2] type : int64 ✓
2026-05-18 09:02:20 [INFO] data_validation —    ✅ 0 doublons (0.0%)
2026-05-18 09:02:20 [INFO] data_validation —    ✅ 0 prix hors [1,000, 100,000,000] (0.0%)
2026-05-18 09:02:20 [INFO] data_validation —    ✅ 0 surfaces hors [5.0, 10000.0] (0.0%)
2026-05-18 09:02:20 [INFO] data_validation —    ✅ Trop peu de données pour z-score
2026-05-18 09:02:20 [INFO] data_validation —    ✅ [prix] valeurs manquantes : 0.0%
2026-05-18 09:02:20 [INFO] data_validation —    ✅ [surface_m2] valeurs manquantes : 0.0%
2026-05-18 09:02:20 [INFO] data_validation —    ✅ [ville] valeurs manquantes : 0.0%
2026-05-18 09:02:20 [INFO] data_validation —    ✅ [type_bien] valeurs manquantes : 0.0%
2026-05-18 09:02:20 [INFO] data_validation — 
   ✅ PASSED | 12 OK / 0 erreurs / 0 warnings | 5 lignes
2026-05-18 09:02:20 [INFO] data_validation — 
==================================================
2026-05-18 09:02:20 [INFO] data_validation — 🛡️  VALIDATION DONNÉES — stade : input
2026-05-18 09:02:20 [INFO] data_validation — ==================================================
2026-05-18 09:02:20 [INFO] data_validation —    ❌ DataFrame vide — aucune ligne à traiter
2026-05-18 09:02:20 [INFO] data_validation —    ❌ Colonnes obligatoires manquantes : ['prix', 'surface_m2', 'ville']
2026-05-18 09:02:20 [INFO] data_validation —    ✅ 0 doublons (0.0%)
2026-05-18 09:02:20 [INFO] data_validation —    ✅ Colonne prix absente — skip
2026-05-18 09:02:20 [INFO] data_validation —    ✅ Colonne surface_m2 absente — skip
2026-05-18 09:02:20 [INFO] data_validation —    ✅ skip
2026-05-18 09:02:20 [INFO] data_validation — 
   ❌ FAILED | 4 OK / 2 erreurs / 0 warnings | 0 lignes
2026-05-18 09:02:20 [ERROR] data_validation —    ❌ Validation ÉCHOUÉE — vérifier les données avant de continuer
2026-05-18 09:02:20 [INFO] data_validation — 
==================================================
2026-05-18 09:02:20 [INFO] data_validation — 🛡️  VALIDATION DONNÉES — stade : input
2026-05-18 09:02:20 [INFO] data_validation — ==================================================
2026-05-18 09:02:20 [INFO] data_validation —    ✅ DataFrame non vide : 5 lignes
2026-05-18 09:02:20 [INFO] data_validation —    ❌ Colonnes obligatoires manquantes : ['prix']
2026-05-18 09:02:20 [INFO] data_validation —    ✅ [surface_m2] type : int64 ✓
2026-05-18 09:02:20 [INFO] data_validation —    ✅ 0 doublons (0.0%)
2026-05-18 09:02:20 [INFO] data_validation —    ✅ Colonne prix absente — skip
2026-05-18 09:02:20 [INFO] data_validation —    ✅ 0 surfaces hors [5.0, 10000.0] (0.0%)
2026-05-18 09:02:20 [INFO] data_validation —    ✅ skip
2026-05-18 09:02:20 [INFO] data_validation —    ✅ [surface_m2] valeurs manquantes : 0.0%
2026-05-18 09:02:20 [INFO] data_validation —    ✅ [ville] valeurs manquantes : 0.0%
2026-05-18 09:02:20 [INFO] data_validation —    ✅ [type_bien] valeurs manquantes : 0.0%
2026-05-18 09:02:20 [INFO] data_validation — 
   ❌ FAILED | 9 OK / 1 erreurs / 0 warnings | 5 lignes
2026-05-18 09:02:20 [ERROR] data_validation —    ❌ Validation ÉCHOUÉE — vérifier les données avant de continuer
2026-05-18 09:02:20 [INFO] data_validation — 
==================================================
2026-05-18 09:02:20 [INFO] data_validation — 🛡️  VALIDATION DONNÉES — stade : input
2026-05-18 09:02:20 [INFO] data_validation — ==================================================
2026-05-18 09:02:20 [INFO] data_validation —    ✅ DataFrame non vide : 100 lignes
2026-05-18 09:02:20 [INFO] data_validation —    ✅ Toutes les colonnes obligatoires présentes et non-vides (3)
2026-05-18 09:02:20 [INFO] data_validation —    ✅ [prix] type : int64 ✓
2026-05-18 09:02:20 [INFO] data_validation —    ✅ [surface_m2] type : int64 ✓
2026-05-18 09:02:20 [INFO] data_validation —    ⚠️ 98 doublons (98.0%)
2026-05-18 09:02:20 [INFO] data_validation —    ❌ 50 prix hors [1,000, 100,000,000] (50.0%)
2026-05-18 09:02:20 [INFO] data_validation —    ✅ 0 surfaces hors [5.0, 10000.0] (0.0%)
2026-05-18 09:02:20 [INFO] data_validation —    ✅ 0 outliers extrêmes (|z|>4) dans prix (0.00%)
2026-05-18 09:02:20 [INFO] data_validation —    ✅ [prix] valeurs manquantes : 0.0%
2026-05-18 09:02:20 [INFO] data_validation —    ✅ [surface_m2] valeurs manquantes : 0.0%
2026-05-18 09:02:20 [INFO] data_validation —    ✅ [ville] valeurs manquantes : 0.0%
2026-05-18 09:02:20 [INFO] data_validation — 
   ❌ FAILED | 9 OK / 1 erreurs / 1 warnings | 100 lignes
2026-05-18 09:02:20 [ERROR] data_validation —    ❌ Validation ÉCHOUÉE — vérifier les données avant de continuer
2026-05-18 09:02:20 [INFO] data_validation — 
==================================================
2026-05-18 09:02:20 [INFO] data_validation — 🛡️  VALIDATION DONNÉES — stade : input
2026-05-18 09:02:20 [INFO] data_validation — ==================================================
2026-05-18 09:02:20 [INFO] data_validation —    ✅ DataFrame non vide : 6 lignes
2026-05-18 09:02:20 [INFO] data_validation —    ✅ Toutes les colonnes obligatoires présentes et non-vides (3)
2026-05-18 09:02:20 [INFO] data_validation —    ✅ [prix] type : int64 ✓
2026-05-18 09:02:20 [INFO] data_validation —    ✅ [surface_m2] type : int64 ✓
2026-05-18 09:02:20 [INFO] data_validation —    ⚠️ 1 doublons (16.7%)
2026-05-18 09:02:20 [INFO] data_validation —    ✅ 0 prix hors [1,000, 100,000,000] (0.0%)
2026-05-18 09:02:20 [INFO] data_validation —    ✅ 0 surfaces hors [5.0, 10000.0] (0.0%)
2026-05-18 09:02:20 [INFO] data_validation —    ✅ Trop peu de données pour z-score
2026-05-18 09:02:20 [INFO] data_validation —    ✅ [prix] valeurs manquantes : 0.0%
2026-05-18 09:02:20 [INFO] data_validation —    ✅ [surface_m2] valeurs manquantes : 0.0%
2026-05-18 09:02:20 [INFO] data_validation —    ✅ [ville] valeurs manquantes : 0.0%
2026-05-18 09:02:20 [INFO] data_validation —    ✅ [type_bien] valeurs manquantes : 0.0%
2026-05-18 09:02:20 [INFO] data_validation — 
   ✅ PASSED | 11 OK / 0 erreurs / 1 warnings | 6 lignes
2026-05-18 09:02:20 [INFO] data_validation — 
==================================================
2026-05-18 09:02:20 [INFO] data_validation — 🛡️  VALIDATION DONNÉES — stade : input
2026-05-18 09:02:20 [INFO] data_validation — ==================================================
2026-05-18 09:02:20 [INFO] data_validation —    ✅ DataFrame non vide : 5 lignes
2026-05-18 09:02:20 [INFO] data_validation —    ✅ Toutes les colonnes obligatoires présentes et non-vides (3)
2026-05-18 09:02:20 [INFO] data_validation —    ✅ [prix] type : int64 ✓
2026-05-18 09:02:20 [INFO] data_validation —    ✅ [surface_m2] type : int64 ✓
2026-05-18 09:02:20 [INFO] data_validation —    ✅ 0 doublons (0.0%)
2026-05-18 09:02:20 [INFO] data_validation —    ✅ 0 prix hors [1,000, 100,000,000] (0.0%)
2026-05-18 09:02:20 [INFO] data_validation —    ✅ 0 surfaces hors [5.0, 10000.0] (0.0%)
2026-05-18 09:02:20 [INFO] data_validation —    ✅ Trop peu de données pour z-score
2026-05-18 09:02:20 [INFO] data_validation —    ✅ [prix] valeurs manquantes : 0.0%
2026-05-18 09:02:20 [INFO] data_validation —    ✅ [surface_m2] valeurs manquantes : 0.0%
2026-05-18 09:02:20 [INFO] data_validation —    ✅ [ville] valeurs manquantes : 0.0%
2026-05-18 09:02:20 [INFO] data_validation —    ✅ [type_bien] valeurs manquantes : 0.0%
2026-05-18 09:02:20 [INFO] data_validation — 
   ✅ PASSED | 12 OK / 0 erreurs / 0 warnings | 5 lignes
2026-05-18 09:02:20 [INFO] data_validation —    💾 Rapport validation → /tmp/pytest-of-root/pytest-2/test_save_report_creates_json1/validation_report.json
2026-05-18 09:02:20 [INFO] data_validation — 
==================================================
2026-05-18 09:02:20 [INFO] data_validation — 🛡️  VALIDATION DONNÉES — stade : input
2026-05-18 09:02:20 [INFO] data_validation — ==================================================
2026-05-18 09:02:20 [INFO] data_validation —    ✅ DataFrame non vide : 5 lignes
2026-05-18 09:02:20 [INFO] data_validation —    ✅ Toutes les colonnes obligatoires présentes et non-vides (3)
2026-05-18 09:02:20 [INFO] data_validation —    ✅ [prix] type : int64 ✓
2026-05-18 09:02:20 [INFO] data_validation —    ✅ [surface_m2] type : int64 ✓
2026-05-18 09:02:20 [INFO] data_validation —    ✅ 0 doublons (0.0%)
2026-05-18 09:02:20 [INFO] data_validation —    ✅ 0 prix hors [1,000, 100,000,000] (0.0%)
2026-05-18 09:02:20 [INFO] data_validation —    ✅ 0 surfaces hors [5.0, 10000.0] (0.0%)
2026-05-18 09:02:20 [INFO] data_validation —    ✅ Trop peu de données pour z-score
2026-05-18 09:02:20 [INFO] data_validation —    ✅ [prix] valeurs manquantes : 0.0%
2026-05-18 09:02:20 [INFO] data_validation —    ✅ [surface_m2] valeurs manquantes : 0.0%
2026-05-18 09:02:20 [INFO] data_validation —    ✅ [ville] valeurs manquantes : 0.0%
2026-05-18 09:02:20 [INFO] data_validation —    ✅ [type_bien] valeurs manquantes : 0.0%
2026-05-18 09:02:20 [INFO] data_validation — 
   ✅ PASSED | 12 OK / 0 erreurs / 0 warnings | 5 lignes
2026-05-18 09:02:20 [INFO] prediction_intervals —    PredictionIntervals : method=quantile, CI=95%, alpha=0.050
2026-05-18 09:02:20 [INFO] prediction_intervals —    PI : calibration quantile des résidus ...
2026-05-18 09:02:20 [INFO] prediction_intervals —    PI quantile calibré : [-94, +93]
2026-05-18 09:02:20 [INFO] prediction_intervals —    PI 95% : largeur moyenne = 139 MAD | min=-472 | max=628
2026-05-18 09:02:20 [INFO] prediction_intervals —    📐 Couverture réelle : 71.7% (cible : 95.0%, écart : -23.3%)
2026-05-18 09:02:20 [INFO] prediction_intervals —    📐 Largeur moyenne   : 139
2026-05-18 09:02:20 [WARNING] prediction_intervals —    ⚠️  Écart couverture > 5% — envisager une recalibration
2026-05-18 09:02:22 [INFO] mlflow_registry — 📋 MLflow Registry prêt — modèle : 'test-model'
2026-05-18 09:02:22 [INFO] mlflow_registry —    📋 Modèle enregistré dans Registry → 'test-model' v2
2026-05-18 09:02:22 [INFO] mlflow_registry — 📋 MLflow Registry prêt — modèle : 'test-model'
2026-05-18 09:02:22 [INFO] mlflow_registry —    📋 Modèle enregistré dans Registry → 'test-model' v1
2026-05-18 09:02:22 [INFO] mlflow_registry — 📋 MLflow Registry prêt — modèle : 'test-model'
2026-05-18 09:02:22 [WARNING] mlflow_registry — ⚠️  Registry.register échoué : connection error
2026-05-18 09:02:22 [INFO] mlflow_registry — 📋 MLflow Registry prêt — modèle : 'test-model'
2026-05-18 09:02:22 [INFO] mlflow_registry —    📋 Modèle enregistré dans Registry → 'test-model' v3
2026-05-18 09:02:22 [INFO] mlflow_registry — 📋 MLflow Registry prêt — modèle : 'test-model'
2026-05-18 09:02:22 [INFO] mlflow_registry —    🔄 'test-model' v1 → Staging
2026-05-18 09:02:22 [INFO] mlflow_registry — 📋 MLflow Registry prêt — modèle : 'test-model'
2026-05-18 09:02:22 [INFO] mlflow_registry —    🔄 'test-model' v2 → Production
2026-05-18 09:02:22 [INFO] mlflow_registry — 📋 MLflow Registry prêt — modèle : 'test-model'
2026-05-18 09:02:22 [INFO] mlflow_registry —    🔄 'test-model' v1 → Production
2026-05-18 09:02:22 [INFO] mlflow_registry — 📋 MLflow Registry prêt — modèle : 'test-model'
2026-05-18 09:02:22 [INFO] mlflow_registry —    🔄 'test-model' v1 → Archived
2026-05-18 09:02:22 [INFO] mlflow_registry — 📋 MLflow Registry prêt — modèle : 'test-model'
2026-05-18 09:02:22 [INFO] mlflow_registry —    ℹ️  Aucun modèle en Production pour 'test-model'
2026-05-18 09:02:22 [INFO] mlflow_registry —    ✅ Premier déploiement — pas de production à battre
2026-05-18 09:02:22 [INFO] mlflow_registry — 📋 MLflow Registry prêt — modèle : 'test-model'
2026-05-18 09:02:22 [INFO] mlflow_registry —    📊 Comparaison 'reg/R2' : nouveau=0.8500 > production=0.7500 → ✅ MEILLEUR
2026-05-18 09:02:22 [INFO] mlflow_registry — 📋 MLflow Registry prêt — modèle : 'test-model'
2026-05-18 09:02:22 [INFO] mlflow_registry —    📊 Comparaison 'reg/R2' : nouveau=0.8000 > production=0.9000 → ❌ MOINS BON
2026-05-18 09:02:22 [INFO] mlflow_registry — 📋 MLflow Registry prêt — modèle : 'test-model'
2026-05-18 09:02:22 [INFO] mlflow_registry —    📊 Comparaison 'reg/MAE' : nouveau=3000.0000 < production=5000.0000 → ✅ MEILLEUR
2026-05-18 09:02:22 [INFO] mlflow_registry — 📋 MLflow Registry prêt — modèle : 'test-model'
2026-05-18 09:02:22 [INFO] mlflow_registry —    📋 Modèle enregistré dans Registry → 'test-model' v1
2026-05-18 09:02:22 [INFO] mlflow_registry —    ℹ️  Aucun modèle en Production pour 'test-model'
2026-05-18 09:02:22 [INFO] mlflow_registry —    ✅ Premier déploiement — pas de production à battre
2026-05-18 09:02:22 [INFO] mlflow_registry —    🔄 'test-model' v1 → Staging
2026-05-18 09:02:22 [INFO] mlflow_registry —    🔄 'test-model' v1 → Production
2026-05-18 09:02:22 [INFO] mlflow_registry —    🚀 'test-model' v1 promu en Production !
2026-05-18 09:02:22 [INFO] mlflow_registry — 
=======================================================
2026-05-18 09:02:22 [INFO] mlflow_registry —    📋 Registry : 'test-model'
2026-05-18 09:02:22 [INFO] mlflow_registry — =======================================================
2026-05-18 09:02:22 [INFO] mlflow_registry —    Aucune version enregistrée.
2026-05-18 09:02:22 [INFO] mlflow_registry — =======================================================

2026-05-18 09:02:22 [INFO] mlflow_registry — 📋 MLflow Registry prêt — modèle : 'test-model'
2026-05-18 09:02:22 [INFO] mlflow_registry —    📋 Modèle enregistré dans Registry → 'test-model' v2
2026-05-18 09:02:22 [INFO] mlflow_registry —    📊 Comparaison 'reg/R2' : nouveau=0.7000 > production=0.9000 → ❌ MOINS BON
2026-05-18 09:02:22 [INFO] mlflow_registry —    ℹ️  'test-model' v2 enregistré en Staging (pas meilleur que Production)
2026-05-18 09:02:22 [INFO] mlflow_registry —    🔄 'test-model' v2 → Staging
2026-05-18 09:02:22 [INFO] mlflow_registry — 
=======================================================
2026-05-18 09:02:22 [INFO] mlflow_registry —    📋 Registry : 'test-model'
2026-05-18 09:02:22 [INFO] mlflow_registry — =======================================================
2026-05-18 09:02:22 [INFO] mlflow_registry —    🟢 v  1 | Production   | run=prod-run... | 2023-11-14
2026-05-18 09:02:22 [INFO] mlflow_registry — =======================================================

2026-05-18 09:02:22 [INFO] mlflow_registry — 📋 MLflow Registry prêt — modèle : 'test-model'
2026-05-18 09:02:22 [INFO] mlflow_registry — 📋 MLflow Registry prêt — modèle : 'test-model'
2026-05-18 09:02:22 [INFO] mlflow_registry — 📋 MLflow Registry prêt — modèle : 'test-model'
2026-05-18 09:02:22 [INFO] src.prepare — 🧹 Nettoyage de sécurité ...
2026-05-18 09:02:22 [INFO] src.prepare —    Lignes supprimées : 1 | Restantes : 199
2026-05-18 09:02:22 [INFO] src.prepare — 🧹 Nettoyage de sécurité ...
2026-05-18 09:02:22 [INFO] src.prepare —    Lignes supprimées : 1 | Restantes : 199
2026-05-18 09:02:22 [INFO] src.prepare — 🧹 Nettoyage de sécurité ...
2026-05-18 09:02:22 [INFO] src.prepare —    Lignes supprimées : 1 | Restantes : 199
2026-05-18 09:02:22 [INFO] src.prepare — 🧹 Nettoyage de sécurité ...
2026-05-18 09:02:22 [INFO] src.prepare —    Lignes supprimées : 10 | Restantes : 200
2026-05-18 09:02:22 [INFO] src.prepare — 🧹 Nettoyage de sécurité ...
2026-05-18 09:02:22 [INFO] src.prepare —    Lignes supprimées : 0 | Restantes : 200
2026-05-18 09:02:22 [INFO] src.prepare — 🧹 Nettoyage de sécurité ...
2026-05-18 09:02:22 [INFO] src.prepare —    Lignes supprimées : 0 | Restantes : 200
2026-05-18 09:02:22 [INFO] src.prepare —    ✅ Split : 160 train | 40 test
2026-05-18 09:02:22 [INFO] src.prepare — 🧹 Nettoyage de sécurité ...
2026-05-18 09:02:22 [INFO] src.prepare —    Lignes supprimées : 0 | Restantes : 200
2026-05-18 09:02:22 [INFO] src.prepare —    ✅ Split : 160 train | 40 test
2026-05-18 09:02:22 [INFO] src.prepare — 🧹 Nettoyage de sécurité ...
2026-05-18 09:02:22 [INFO] src.prepare —    Lignes supprimées : 0 | Restantes : 200
2026-05-18 09:02:22 [INFO] src.prepare —    ✅ Split : 160 train | 40 test
2026-05-18 09:02:22 [INFO] src.prepare — 🧹 Nettoyage de sécurité ...
2026-05-18 09:02:22 [INFO] src.prepare —    Lignes supprimées : 0 | Restantes : 200
2026-05-18 09:02:22 [INFO] src.prepare —    ✅ Split : 160 train | 40 test
2026-05-18 09:02:22 [INFO] src.prepare — 🧹 Nettoyage de sécurité ...
2026-05-18 09:02:22 [INFO] src.prepare —    Lignes supprimées : 0 | Restantes : 200
2026-05-18 09:02:22 [INFO] src.prepare —    ✅ Split : 160 train | 40 test
2026-05-18 09:02:22 [INFO] src.prepare —    ✅ Split : 160 train | 40 test
2026-05-18 09:02:22 [INFO] src.prepare — 🧹 Nettoyage de sécurité ...
2026-05-18 09:02:22 [INFO] src.prepare —    Lignes supprimées : 0 | Restantes : 200
2026-05-18 09:02:22 [INFO] src.prepare —    ✅ Split : 160 train | 40 test
2026-05-18 09:02:22 [INFO] src.features — 
==================================================
2026-05-18 09:02:22 [INFO] src.features — ⚙️  FEATURE ENGINEERING — TRAIN SET
2026-05-18 09:02:22 [INFO] src.features — ==================================================
2026-05-18 09:02:22 [INFO] src.features —    ✅ categorie_prix ← type_bien
2026-05-18 09:02:22 [INFO] src.features —    ✅ surface_x_chambres + surface_par_chambre créés
2026-05-18 09:02:22 [INFO] src.features —    ✅ ratio_chambres_bains créé
2026-05-18 09:02:22 [INFO] src.features —    ✅ score_luxe créé (4 équipements)
2026-05-18 09:02:22 [INFO] src.features —    ✅ Features temporelles créées depuis 'date_annonce'
2026-05-18 09:02:22 [INFO] src.features —    ✅ log_prix créé (train uniquement)
2026-05-18 09:02:22 [INFO] src.features —    ✅ prix_par_m2 + log_prix_par_m2 créés (train uniquement)
2026-05-18 09:02:22 [INFO] src.features —    ✅ Stats géo fittées sur 160 lignes train
2026-05-18 09:02:22 [INFO] src.features —    ✅ Stats géo appliquées
2026-05-18 09:02:22 [INFO] src.features — 
✅ Train FE terminé : 12 → 29 colonnes
2026-05-18 09:02:22 [INFO] src.features — 
⚙️  FEATURE ENGINEERING — TEST SET
2026-05-18 09:02:22 [INFO] src.features —    ✅ surface_x_chambres + surface_par_chambre créés
2026-05-18 09:02:22 [INFO] src.features —    ✅ ratio_chambres_bains créé
2026-05-18 09:02:22 [INFO] src.features —    ✅ score_luxe créé (4 équipements)
2026-05-18 09:02:22 [INFO] src.features —    ✅ Features temporelles créées depuis 'date_annonce'
2026-05-18 09:02:22 [INFO] src.features —    ✅ Stats géo appliquées
2026-05-18 09:02:22 [INFO] src.features — ✅ Test FE terminé : 25 colonnes
2026-05-18 09:02:22 [INFO] src.features —    ✅ categorie_prix ← type_bien
2026-05-18 09:02:22 [INFO] src.prepare —    Numériques    : 22 | Catégorielles : 2
2026-05-18 09:02:22 [INFO] src.prepare — 🧹 Nettoyage de sécurité ...
2026-05-18 09:02:22 [INFO] src.prepare —    Lignes supprimées : 0 | Restantes : 200
2026-05-18 09:02:22 [INFO] src.prepare —    ✅ Split : 160 train | 40 test
2026-05-18 09:02:22 [INFO] src.features — 
==================================================
2026-05-18 09:02:22 [INFO] src.features — ⚙️  FEATURE ENGINEERING — TRAIN SET
2026-05-18 09:02:22 [INFO] src.features — ==================================================
2026-05-18 09:02:22 [INFO] src.features —    ✅ categorie_prix ← type_bien
2026-05-18 09:02:22 [INFO] src.features —    ✅ surface_x_chambres + surface_par_chambre créés
2026-05-18 09:02:22 [INFO] src.features —    ✅ ratio_chambres_bains créé
2026-05-18 09:02:22 [INFO] src.features —    ✅ score_luxe créé (4 équipements)
2026-05-18 09:02:22 [INFO] src.features —    ✅ Features temporelles créées depuis 'date_annonce'
2026-05-18 09:02:22 [INFO] src.features —    ✅ log_prix créé (train uniquement)
2026-05-18 09:02:22 [INFO] src.features —    ✅ prix_par_m2 + log_prix_par_m2 créés (train uniquement)
2026-05-18 09:02:22 [INFO] src.features —    ✅ Stats géo fittées sur 160 lignes train
2026-05-18 09:02:22 [INFO] src.features —    ✅ Stats géo appliquées
2026-05-18 09:02:22 [INFO] src.features — 
✅ Train FE terminé : 12 → 29 colonnes
2026-05-18 09:02:22 [INFO] src.features — 
⚙️  FEATURE ENGINEERING — TEST SET
2026-05-18 09:02:22 [INFO] src.features —    ✅ surface_x_chambres + surface_par_chambre créés
2026-05-18 09:02:22 [INFO] src.features —    ✅ ratio_chambres_bains créé
2026-05-18 09:02:22 [INFO] src.features —    ✅ score_luxe créé (4 équipements)
2026-05-18 09:02:22 [INFO] src.features —    ✅ Features temporelles créées depuis 'date_annonce'
2026-05-18 09:02:22 [INFO] src.features —    ✅ Stats géo appliquées
2026-05-18 09:02:22 [INFO] src.features — ✅ Test FE terminé : 25 colonnes
2026-05-18 09:02:22 [INFO] src.features —    ✅ categorie_prix ← type_bien
2026-05-18 09:02:22 [INFO] src.prepare —    Numériques    : 22 | Catégorielles : 2
2026-05-18 09:02:22 [INFO] src.prepare — 🧹 Nettoyage de sécurité ...
2026-05-18 09:02:22 [INFO] src.prepare —    Lignes supprimées : 0 | Restantes : 200
2026-05-18 09:02:22 [INFO] src.prepare —    ✅ Split : 160 train | 40 test
2026-05-18 09:02:22 [INFO] src.features — 
==================================================
2026-05-18 09:02:22 [INFO] src.features — ⚙️  FEATURE ENGINEERING — TRAIN SET
2026-05-18 09:02:22 [INFO] src.features — ==================================================
2026-05-18 09:02:22 [INFO] src.features —    ✅ categorie_prix ← type_bien
2026-05-18 09:02:22 [INFO] src.features —    ✅ surface_x_chambres + surface_par_chambre créés
2026-05-18 09:02:22 [INFO] src.features —    ✅ ratio_chambres_bains créé
2026-05-18 09:02:22 [INFO] src.features —    ✅ score_luxe créé (4 équipements)
2026-05-18 09:02:22 [INFO] src.features —    ✅ Features temporelles créées depuis 'date_annonce'
2026-05-18 09:02:22 [INFO] src.features —    ✅ log_prix créé (train uniquement)
2026-05-18 09:02:22 [INFO] src.features —    ✅ prix_par_m2 + log_prix_par_m2 créés (train uniquement)
2026-05-18 09:02:22 [INFO] src.features —    ✅ Stats géo fittées sur 160 lignes train
2026-05-18 09:02:22 [INFO] src.features —    ✅ Stats géo appliquées
2026-05-18 09:02:22 [INFO] src.features — 
✅ Train FE terminé : 12 → 29 colonnes
2026-05-18 09:02:22 [INFO] src.features — 
⚙️  FEATURE ENGINEERING — TEST SET
2026-05-18 09:02:22 [INFO] src.features —    ✅ surface_x_chambres + surface_par_chambre créés
2026-05-18 09:02:22 [INFO] src.features —    ✅ ratio_chambres_bains créé
2026-05-18 09:02:22 [INFO] src.features —    ✅ score_luxe créé (4 équipements)
2026-05-18 09:02:22 [INFO] src.features —    ✅ Features temporelles créées depuis 'date_annonce'
2026-05-18 09:02:22 [INFO] src.features —    ✅ Stats géo appliquées
2026-05-18 09:02:22 [INFO] src.features — ✅ Test FE terminé : 25 colonnes
2026-05-18 09:02:22 [INFO] src.features —    ✅ categorie_prix ← type_bien
2026-05-18 09:02:22 [INFO] src.prepare —    Numériques    : 22 | Catégorielles : 2
2026-05-18 09:02:22 [INFO] src.prepare — 🧹 Nettoyage de sécurité ...
2026-05-18 09:02:22 [INFO] src.prepare —    Lignes supprimées : 0 | Restantes : 200
2026-05-18 09:02:22 [INFO] src.prepare —    ✅ Split : 160 train | 40 test
2026-05-18 09:02:22 [INFO] src.features — 
==================================================
2026-05-18 09:02:22 [INFO] src.features — ⚙️  FEATURE ENGINEERING — TRAIN SET
2026-05-18 09:02:22 [INFO] src.features — ==================================================
2026-05-18 09:02:22 [INFO] src.features —    ✅ categorie_prix ← type_bien
2026-05-18 09:02:22 [INFO] src.features —    ✅ surface_x_chambres + surface_par_chambre créés
2026-05-18 09:02:22 [INFO] src.features —    ✅ ratio_chambres_bains créé
2026-05-18 09:02:22 [INFO] src.features —    ✅ score_luxe créé (4 équipements)
2026-05-18 09:02:22 [INFO] src.features —    ✅ Features temporelles créées depuis 'date_annonce'
2026-05-18 09:02:22 [INFO] src.features —    ✅ log_prix créé (train uniquement)
2026-05-18 09:02:22 [INFO] src.features —    ✅ prix_par_m2 + log_prix_par_m2 créés (train uniquement)
2026-05-18 09:02:22 [INFO] src.features —    ✅ Stats géo fittées sur 160 lignes train
2026-05-18 09:02:22 [INFO] src.features —    ✅ Stats géo appliquées
2026-05-18 09:02:22 [INFO] src.features — 
✅ Train FE terminé : 12 → 29 colonnes
2026-05-18 09:02:22 [INFO] src.features — 
⚙️  FEATURE ENGINEERING — TEST SET
2026-05-18 09:02:22 [INFO] src.features —    ✅ surface_x_chambres + surface_par_chambre créés
2026-05-18 09:02:22 [INFO] src.features —    ✅ ratio_chambres_bains créé
2026-05-18 09:02:22 [INFO] src.features —    ✅ score_luxe créé (4 équipements)
2026-05-18 09:02:22 [INFO] src.features —    ✅ Features temporelles créées depuis 'date_annonce'
2026-05-18 09:02:22 [INFO] src.features —    ✅ Stats géo appliquées
2026-05-18 09:02:22 [INFO] src.features — ✅ Test FE terminé : 25 colonnes
2026-05-18 09:02:22 [INFO] src.features —    ✅ categorie_prix ← type_bien
2026-05-18 09:02:22 [INFO] src.prepare —    Numériques    : 22 | Catégorielles : 2
2026-05-18 09:02:22 [INFO] src.prepare — 🧹 Nettoyage de sécurité ...
2026-05-18 09:02:22 [INFO] src.prepare —    Lignes supprimées : 0 | Restantes : 200
2026-05-18 09:02:22 [INFO] src.prepare —    ✅ Split : 160 train | 40 test
2026-05-18 09:02:22 [INFO] src.features — 
==================================================
2026-05-18 09:02:22 [INFO] src.features — ⚙️  FEATURE ENGINEERING — TRAIN SET
2026-05-18 09:02:22 [INFO] src.features — ==================================================
2026-05-18 09:02:22 [INFO] src.features —    ✅ categorie_prix ← type_bien
2026-05-18 09:02:22 [INFO] src.features —    ✅ surface_x_chambres + surface_par_chambre créés
2026-05-18 09:02:22 [INFO] src.features —    ✅ ratio_chambres_bains créé
2026-05-18 09:02:22 [INFO] src.features —    ✅ score_luxe créé (4 équipements)
2026-05-18 09:02:22 [INFO] src.features —    ✅ Features temporelles créées depuis 'date_annonce'
2026-05-18 09:02:22 [INFO] src.features —    ✅ log_prix créé (train uniquement)
2026-05-18 09:02:22 [INFO] src.features —    ✅ prix_par_m2 + log_prix_par_m2 créés (train uniquement)
2026-05-18 09:02:22 [INFO] src.features —    ✅ Stats géo fittées sur 160 lignes train
2026-05-18 09:02:22 [INFO] src.features —    ✅ Stats géo appliquées
2026-05-18 09:02:22 [INFO] src.features — 
✅ Train FE terminé : 12 → 29 colonnes
2026-05-18 09:02:22 [INFO] src.features — 
⚙️  FEATURE ENGINEERING — TEST SET
2026-05-18 09:02:22 [INFO] src.features —    ✅ surface_x_chambres + surface_par_chambre créés
2026-05-18 09:02:22 [INFO] src.features —    ✅ ratio_chambres_bains créé
2026-05-18 09:02:22 [INFO] src.features —    ✅ score_luxe créé (4 équipements)
2026-05-18 09:02:22 [INFO] src.features —    ✅ Features temporelles créées depuis 'date_annonce'
2026-05-18 09:02:22 [INFO] src.features —    ✅ Stats géo appliquées
2026-05-18 09:02:22 [INFO] src.features — ✅ Test FE terminé : 25 colonnes
2026-05-18 09:02:22 [INFO] src.features —    ✅ categorie_prix ← type_bien
2026-05-18 09:02:22 [INFO] src.prepare —    Numériques    : 22 | Catégorielles : 2
2026-05-18 09:02:22 [INFO] src.prepare — 🧹 Nettoyage de sécurité ...
2026-05-18 09:02:22 [INFO] src.prepare —    Lignes supprimées : 0 | Restantes : 200
2026-05-18 09:02:22 [INFO] src.prepare —    ✅ Split : 160 train | 40 test
2026-05-18 09:02:22 [INFO] src.features — 
==================================================
2026-05-18 09:02:22 [INFO] src.features — ⚙️  FEATURE ENGINEERING — TRAIN SET
2026-05-18 09:02:22 [INFO] src.features — ==================================================
2026-05-18 09:02:22 [INFO] src.features —    ✅ categorie_prix ← type_bien
2026-05-18 09:02:22 [INFO] src.features —    ✅ surface_x_chambres + surface_par_chambre créés
2026-05-18 09:02:22 [INFO] src.features —    ✅ ratio_chambres_bains créé
2026-05-18 09:02:22 [INFO] src.features —    ✅ score_luxe créé (4 équipements)
2026-05-18 09:02:22 [INFO] src.features —    ✅ Features temporelles créées depuis 'date_annonce'
2026-05-18 09:02:22 [INFO] src.features —    ✅ log_prix créé (train uniquement)
2026-05-18 09:02:23 [INFO] src.features —    ✅ prix_par_m2 + log_prix_par_m2 créés (train uniquement)
2026-05-18 09:02:23 [INFO] src.features —    ✅ Stats géo fittées sur 160 lignes train
2026-05-18 09:02:23 [INFO] src.features —    ✅ Stats géo appliquées
2026-05-18 09:02:23 [INFO] src.features — 
✅ Train FE terminé : 12 → 29 colonnes
2026-05-18 09:02:23 [INFO] src.features — 
⚙️  FEATURE ENGINEERING — TEST SET
2026-05-18 09:02:23 [INFO] src.features —    ✅ surface_x_chambres + surface_par_chambre créés
2026-05-18 09:02:23 [INFO] src.features —    ✅ ratio_chambres_bains créé
2026-05-18 09:02:23 [INFO] src.features —    ✅ score_luxe créé (4 équipements)
2026-05-18 09:02:23 [INFO] src.features —    ✅ Features temporelles créées depuis 'date_annonce'
2026-05-18 09:02:23 [INFO] src.features —    ✅ Stats géo appliquées
2026-05-18 09:02:23 [INFO] src.features — ✅ Test FE terminé : 25 colonnes
2026-05-18 09:02:23 [INFO] src.features —    ✅ categorie_prix ← type_bien
2026-05-18 09:02:23 [INFO] src.prepare —    Numériques    : 22 | Catégorielles : 2
2026-05-18 09:02:23 [INFO] src.prepare — 🧹 Nettoyage de sécurité ...
2026-05-18 09:02:23 [INFO] src.prepare —    Lignes supprimées : 0 | Restantes : 200
2026-05-18 09:02:23 [INFO] src.prepare —    ✅ Split : 160 train | 40 test
2026-05-18 09:02:23 [INFO] src.features — 
==================================================
2026-05-18 09:02:23 [INFO] src.features — ⚙️  FEATURE ENGINEERING — TRAIN SET
2026-05-18 09:02:23 [INFO] src.features — ==================================================
2026-05-18 09:02:23 [INFO] src.features —    ✅ categorie_prix ← type_bien
2026-05-18 09:02:23 [INFO] src.features —    ✅ surface_x_chambres + surface_par_chambre créés
2026-05-18 09:02:23 [INFO] src.features —    ✅ ratio_chambres_bains créé
2026-05-18 09:02:23 [INFO] src.features —    ✅ score_luxe créé (4 équipements)
2026-05-18 09:02:23 [INFO] src.features —    ✅ Features temporelles créées depuis 'date_annonce'
2026-05-18 09:02:23 [INFO] src.features —    ✅ log_prix créé (train uniquement)
2026-05-18 09:02:23 [INFO] src.features —    ✅ prix_par_m2 + log_prix_par_m2 créés (train uniquement)
2026-05-18 09:02:23 [INFO] src.features —    ✅ Stats géo fittées sur 160 lignes train
2026-05-18 09:02:23 [INFO] src.features —    ✅ Stats géo appliquées
2026-05-18 09:02:23 [INFO] src.features — 
✅ Train FE terminé : 12 → 29 colonnes
2026-05-18 09:02:23 [INFO] src.features — 
⚙️  FEATURE ENGINEERING — TEST SET
2026-05-18 09:02:23 [INFO] src.features —    ✅ surface_x_chambres + surface_par_chambre créés
2026-05-18 09:02:23 [INFO] src.features —    ✅ ratio_chambres_bains créé
2026-05-18 09:02:23 [INFO] src.features —    ✅ score_luxe créé (4 équipements)
2026-05-18 09:02:23 [INFO] src.features —    ✅ Features temporelles créées depuis 'date_annonce'
2026-05-18 09:02:23 [INFO] src.features —    ✅ Stats géo appliquées
2026-05-18 09:02:23 [INFO] src.features — ✅ Test FE terminé : 25 colonnes
2026-05-18 09:02:23 [INFO] src.features —    ✅ categorie_prix ← type_bien
2026-05-18 09:02:23 [INFO] src.prepare —    Numériques    : 22 | Catégorielles : 2
2026-05-18 09:02:23 [INFO] src.prepare — 🧹 Nettoyage de sécurité ...
2026-05-18 09:02:23 [INFO] src.prepare —    Lignes supprimées : 0 | Restantes : 200
2026-05-18 09:02:23 [INFO] src.prepare —    ✅ Split : 160 train | 40 test
2026-05-18 09:02:23 [INFO] src.features — 
==================================================
2026-05-18 09:02:23 [INFO] src.features — ⚙️  FEATURE ENGINEERING — TRAIN SET
2026-05-18 09:02:23 [INFO] src.features — ==================================================
2026-05-18 09:02:23 [INFO] src.features —    ✅ categorie_prix ← type_bien
2026-05-18 09:02:23 [INFO] src.features —    ✅ surface_x_chambres + surface_par_chambre créés
2026-05-18 09:02:23 [INFO] src.features —    ✅ ratio_chambres_bains créé
2026-05-18 09:02:23 [INFO] src.features —    ✅ score_luxe créé (4 équipements)
2026-05-18 09:02:23 [INFO] src.features —    ✅ Features temporelles créées depuis 'date_annonce'
2026-05-18 09:02:23 [INFO] src.features —    ✅ log_prix créé (train uniquement)
2026-05-18 09:02:23 [INFO] src.features —    ✅ prix_par_m2 + log_prix_par_m2 créés (train uniquement)
2026-05-18 09:02:23 [INFO] src.features —    ✅ Stats géo fittées sur 160 lignes train
2026-05-18 09:02:23 [INFO] src.features —    ✅ Stats géo appliquées
2026-05-18 09:02:23 [INFO] src.features — 
✅ Train FE terminé : 12 → 29 colonnes
2026-05-18 09:02:23 [INFO] src.features — 
⚙️  FEATURE ENGINEERING — TEST SET
2026-05-18 09:02:23 [INFO] src.features —    ✅ surface_x_chambres + surface_par_chambre créés
2026-05-18 09:02:23 [INFO] src.features —    ✅ ratio_chambres_bains créé
2026-05-18 09:02:23 [INFO] src.features —    ✅ score_luxe créé (4 équipements)
2026-05-18 09:02:23 [INFO] src.features —    ✅ Features temporelles créées depuis 'date_annonce'
2026-05-18 09:02:23 [INFO] src.features —    ✅ Stats géo appliquées
2026-05-18 09:02:23 [INFO] src.features — ✅ Test FE terminé : 25 colonnes
2026-05-18 09:02:23 [INFO] src.features —    ✅ categorie_prix ← type_bien
2026-05-18 09:02:23 [INFO] src.prepare — 
==================================================
2026-05-18 09:02:23 [INFO] src.prepare — 🔧 PRÉPARATION — Encoding + Scaling
2026-05-18 09:02:23 [INFO] src.prepare — ==================================================
2026-05-18 09:02:23 [INFO] src.prepare —    Numériques    : 22 | Catégorielles : 2
2026-05-18 09:02:23 [INFO] src.prepare —    Distribution classes : {'Appartement': 58, 'Villa': 52, 'Studio': 50}
2026-05-18 09:02:23 [INFO] src.prepare — 
✅ Train : 160 | Test : 40 | Features : 27
2026-05-18 09:02:23 [INFO] src.prepare — 🧹 Nettoyage de sécurité ...
2026-05-18 09:02:23 [INFO] src.prepare —    Lignes supprimées : 0 | Restantes : 200
2026-05-18 09:02:23 [INFO] src.prepare —    ✅ Split : 160 train | 40 test
2026-05-18 09:02:23 [INFO] src.features — 
==================================================
2026-05-18 09:02:23 [INFO] src.features — ⚙️  FEATURE ENGINEERING — TRAIN SET
2026-05-18 09:02:23 [INFO] src.features — ==================================================
2026-05-18 09:02:23 [INFO] src.features —    ✅ categorie_prix ← type_bien
2026-05-18 09:02:23 [INFO] src.features —    ✅ surface_x_chambres + surface_par_chambre créés
2026-05-18 09:02:23 [INFO] src.features —    ✅ ratio_chambres_bains créé
2026-05-18 09:02:23 [INFO] src.features —    ✅ score_luxe créé (4 équipements)
2026-05-18 09:02:23 [INFO] src.features —    ✅ Features temporelles créées depuis 'date_annonce'
2026-05-18 09:02:23 [INFO] src.features —    ✅ log_prix créé (train uniquement)
2026-05-18 09:02:23 [INFO] src.features —    ✅ prix_par_m2 + log_prix_par_m2 créés (train uniquement)
2026-05-18 09:02:23 [INFO] src.features —    ✅ Stats géo fittées sur 160 lignes train
2026-05-18 09:02:23 [INFO] src.features —    ✅ Stats géo appliquées
2026-05-18 09:02:23 [INFO] src.features — 
✅ Train FE terminé : 12 → 29 colonnes
2026-05-18 09:02:23 [INFO] src.features — 
⚙️  FEATURE ENGINEERING — TEST SET
2026-05-18 09:02:23 [INFO] src.features —    ✅ surface_x_chambres + surface_par_chambre créés
2026-05-18 09:02:23 [INFO] src.features —    ✅ ratio_chambres_bains créé
2026-05-18 09:02:23 [INFO] src.features —    ✅ score_luxe créé (4 équipements)
2026-05-18 09:02:23 [INFO] src.features —    ✅ Features temporelles créées depuis 'date_annonce'
2026-05-18 09:02:23 [INFO] src.features —    ✅ Stats géo appliquées
2026-05-18 09:02:23 [INFO] src.features — ✅ Test FE terminé : 25 colonnes
2026-05-18 09:02:23 [INFO] src.features —    ✅ categorie_prix ← type_bien
2026-05-18 09:02:23 [INFO] src.prepare — 
==================================================
2026-05-18 09:02:23 [INFO] src.prepare — 🔧 PRÉPARATION — Encoding + Scaling
2026-05-18 09:02:23 [INFO] src.prepare — ==================================================
2026-05-18 09:02:23 [INFO] src.prepare —    Numériques    : 22 | Catégorielles : 2
2026-05-18 09:02:23 [INFO] src.prepare —    Distribution classes : {'Appartement': 58, 'Villa': 52, 'Studio': 50}
2026-05-18 09:02:23 [INFO] src.prepare — 
✅ Train : 160 | Test : 40 | Features : 27
2026-05-18 09:02:23 [INFO] src.prepare — 🧹 Nettoyage de sécurité ...
2026-05-18 09:02:23 [INFO] src.prepare —    Lignes supprimées : 0 | Restantes : 200
2026-05-18 09:02:23 [INFO] src.prepare —    ✅ Split : 160 train | 40 test
2026-05-18 09:02:23 [INFO] src.features — 
==================================================
2026-05-18 09:02:23 [INFO] src.features — ⚙️  FEATURE ENGINEERING — TRAIN SET
2026-05-18 09:02:23 [INFO] src.features — ==================================================
2026-05-18 09:02:23 [INFO] src.features —    ✅ categorie_prix ← type_bien
2026-05-18 09:02:23 [INFO] src.features —    ✅ surface_x_chambres + surface_par_chambre créés
2026-05-18 09:02:23 [INFO] src.features —    ✅ ratio_chambres_bains créé
2026-05-18 09:02:23 [INFO] src.features —    ✅ score_luxe créé (4 équipements)
2026-05-18 09:02:23 [INFO] src.features —    ✅ Features temporelles créées depuis 'date_annonce'
2026-05-18 09:02:23 [INFO] src.features —    ✅ log_prix créé (train uniquement)
2026-05-18 09:02:23 [INFO] src.features —    ✅ prix_par_m2 + log_prix_par_m2 créés (train uniquement)
2026-05-18 09:02:23 [INFO] src.features —    ✅ Stats géo fittées sur 160 lignes train
2026-05-18 09:02:23 [INFO] src.features —    ✅ Stats géo appliquées
2026-05-18 09:02:23 [INFO] src.features — 
✅ Train FE terminé : 12 → 29 colonnes
2026-05-18 09:02:23 [INFO] src.features — 
⚙️  FEATURE ENGINEERING — TEST SET
2026-05-18 09:02:23 [INFO] src.features —    ✅ surface_x_chambres + surface_par_chambre créés
2026-05-18 09:02:23 [INFO] src.features —    ✅ ratio_chambres_bains créé
2026-05-18 09:02:23 [INFO] src.features —    ✅ score_luxe créé (4 équipements)
2026-05-18 09:02:23 [INFO] src.features —    ✅ Features temporelles créées depuis 'date_annonce'
2026-05-18 09:02:23 [INFO] src.features —    ✅ Stats géo appliquées
2026-05-18 09:02:23 [INFO] src.features — ✅ Test FE terminé : 25 colonnes
2026-05-18 09:02:23 [INFO] src.features —    ✅ categorie_prix ← type_bien
2026-05-18 09:02:23 [INFO] src.prepare — 
==================================================
2026-05-18 09:02:23 [INFO] src.prepare — 🔧 PRÉPARATION — Encoding + Scaling
2026-05-18 09:02:23 [INFO] src.prepare — ==================================================
2026-05-18 09:02:23 [INFO] src.prepare —    Numériques    : 22 | Catégorielles : 2
2026-05-18 09:02:23 [INFO] src.prepare —    Distribution classes : {'Appartement': 58, 'Villa': 52, 'Studio': 50}
2026-05-18 09:02:23 [INFO] src.prepare — 
✅ Train : 160 | Test : 40 | Features : 27
2026-05-18 09:02:23 [INFO] src.prepare — 🧹 Nettoyage de sécurité ...
2026-05-18 09:02:23 [INFO] src.prepare —    Lignes supprimées : 0 | Restantes : 200
2026-05-18 09:02:23 [INFO] src.prepare —    ✅ Split : 160 train | 40 test
2026-05-18 09:02:23 [INFO] src.features — 
==================================================
2026-05-18 09:02:23 [INFO] src.features — ⚙️  FEATURE ENGINEERING — TRAIN SET
2026-05-18 09:02:23 [INFO] src.features — ==================================================
2026-05-18 09:02:23 [INFO] src.features —    ✅ categorie_prix ← type_bien
2026-05-18 09:02:23 [INFO] src.features —    ✅ surface_x_chambres + surface_par_chambre créés
2026-05-18 09:02:23 [INFO] src.features —    ✅ ratio_chambres_bains créé
2026-05-18 09:02:23 [INFO] src.features —    ✅ score_luxe créé (4 équipements)
2026-05-18 09:02:23 [INFO] src.features —    ✅ Features temporelles créées depuis 'date_annonce'
2026-05-18 09:02:23 [INFO] src.features —    ✅ log_prix créé (train uniquement)
2026-05-18 09:02:23 [INFO] src.features —    ✅ prix_par_m2 + log_prix_par_m2 créés (train uniquement)
2026-05-18 09:02:23 [INFO] src.features —    ✅ Stats géo fittées sur 160 lignes train
2026-05-18 09:02:23 [INFO] src.features —    ✅ Stats géo appliquées
2026-05-18 09:02:23 [INFO] src.features — 
✅ Train FE terminé : 12 → 29 colonnes
2026-05-18 09:02:23 [INFO] src.features — 
⚙️  FEATURE ENGINEERING — TEST SET
2026-05-18 09:02:23 [INFO] src.features —    ✅ surface_x_chambres + surface_par_chambre créés
2026-05-18 09:02:23 [INFO] src.features —    ✅ ratio_chambres_bains créé
2026-05-18 09:02:23 [INFO] src.features —    ✅ score_luxe créé (4 équipements)
2026-05-18 09:02:23 [INFO] src.features —    ✅ Features temporelles créées depuis 'date_annonce'
2026-05-18 09:02:23 [INFO] src.features —    ✅ Stats géo appliquées
2026-05-18 09:02:23 [INFO] src.features — ✅ Test FE terminé : 25 colonnes
2026-05-18 09:02:23 [INFO] src.features —    ✅ categorie_prix ← type_bien
2026-05-18 09:02:23 [INFO] src.prepare — 
==================================================
2026-05-18 09:02:23 [INFO] src.prepare — 🔧 PRÉPARATION — Encoding + Scaling
2026-05-18 09:02:23 [INFO] src.prepare — ==================================================
2026-05-18 09:02:23 [INFO] src.prepare —    Numériques    : 22 | Catégorielles : 2
2026-05-18 09:02:23 [INFO] src.prepare —    Distribution classes : {'Appartement': 58, 'Villa': 52, 'Studio': 50}
2026-05-18 09:02:23 [INFO] src.prepare — 
✅ Train : 160 | Test : 40 | Features : 27
2026-05-18 09:02:23 [INFO] src.prepare — 🧹 Nettoyage de sécurité ...
2026-05-18 09:02:23 [INFO] src.prepare —    Lignes supprimées : 0 | Restantes : 200
2026-05-18 09:02:23 [INFO] src.prepare —    ✅ Split : 160 train | 40 test
2026-05-18 09:02:23 [INFO] src.features — 
==================================================
2026-05-18 09:02:23 [INFO] src.features — ⚙️  FEATURE ENGINEERING — TRAIN SET
2026-05-18 09:02:23 [INFO] src.features — ==================================================
2026-05-18 09:02:23 [INFO] src.features —    ✅ categorie_prix ← type_bien
2026-05-18 09:02:23 [INFO] src.features —    ✅ surface_x_chambres + surface_par_chambre créés
2026-05-18 09:02:23 [INFO] src.features —    ✅ ratio_chambres_bains créé
2026-05-18 09:02:23 [INFO] src.features —    ✅ score_luxe créé (4 équipements)
2026-05-18 09:02:23 [INFO] src.features —    ✅ Features temporelles créées depuis 'date_annonce'
2026-05-18 09:02:23 [INFO] src.features —    ✅ log_prix créé (train uniquement)
2026-05-18 09:02:23 [INFO] src.features —    ✅ prix_par_m2 + log_prix_par_m2 créés (train uniquement)
2026-05-18 09:02:23 [INFO] src.features —    ✅ Stats géo fittées sur 160 lignes train
2026-05-18 09:02:23 [INFO] src.features —    ✅ Stats géo appliquées
2026-05-18 09:02:23 [INFO] src.features — 
✅ Train FE terminé : 12 → 29 colonnes
2026-05-18 09:02:23 [INFO] src.features — 
⚙️  FEATURE ENGINEERING — TEST SET
2026-05-18 09:02:23 [INFO] src.features —    ✅ surface_x_chambres + surface_par_chambre créés
2026-05-18 09:02:23 [INFO] src.features —    ✅ ratio_chambres_bains créé
2026-05-18 09:02:23 [INFO] src.features —    ✅ score_luxe créé (4 équipements)
2026-05-18 09:02:23 [INFO] src.features —    ✅ Features temporelles créées depuis 'date_annonce'
2026-05-18 09:02:23 [INFO] src.features —    ✅ Stats géo appliquées
2026-05-18 09:02:23 [INFO] src.features — ✅ Test FE terminé : 25 colonnes
2026-05-18 09:02:23 [INFO] src.features —    ✅ categorie_prix ← type_bien
2026-05-18 09:02:23 [INFO] src.prepare — 
==================================================
2026-05-18 09:02:23 [INFO] src.prepare — 🔧 PRÉPARATION — Encoding + Scaling
2026-05-18 09:02:23 [INFO] src.prepare — ==================================================
2026-05-18 09:02:23 [INFO] src.prepare —    Numériques    : 22 | Catégorielles : 2
2026-05-18 09:02:23 [INFO] src.prepare —    Distribution classes : {'Appartement': 58, 'Villa': 52, 'Studio': 50}
2026-05-18 09:02:23 [INFO] src.prepare — 
✅ Train : 160 | Test : 40 | Features : 27
2026-05-18 09:02:23 [INFO] src.prepare — 🧹 Nettoyage de sécurité ...
2026-05-18 09:02:23 [INFO] src.prepare —    Lignes supprimées : 0 | Restantes : 200
2026-05-18 09:02:23 [INFO] src.prepare —    ✅ Split : 160 train | 40 test
2026-05-18 09:02:23 [INFO] src.features — 
==================================================
2026-05-18 09:02:23 [INFO] src.features — ⚙️  FEATURE ENGINEERING — TRAIN SET
2026-05-18 09:02:23 [INFO] src.features — ==================================================
2026-05-18 09:02:23 [INFO] src.features —    ✅ categorie_prix ← type_bien
2026-05-18 09:02:23 [INFO] src.features —    ✅ surface_x_chambres + surface_par_chambre créés
2026-05-18 09:02:23 [INFO] src.features —    ✅ ratio_chambres_bains créé
2026-05-18 09:02:23 [INFO] src.features —    ✅ score_luxe créé (4 équipements)
2026-05-18 09:02:23 [INFO] src.features —    ✅ Features temporelles créées depuis 'date_annonce'
2026-05-18 09:02:23 [INFO] src.features —    ✅ log_prix créé (train uniquement)
2026-05-18 09:02:23 [INFO] src.features —    ✅ prix_par_m2 + log_prix_par_m2 créés (train uniquement)
2026-05-18 09:02:23 [INFO] src.features —    ✅ Stats géo fittées sur 160 lignes train
2026-05-18 09:02:23 [INFO] src.features —    ✅ Stats géo appliquées
2026-05-18 09:02:23 [INFO] src.features — 
✅ Train FE terminé : 12 → 29 colonnes
2026-05-18 09:02:23 [INFO] src.features — 
⚙️  FEATURE ENGINEERING — TEST SET
2026-05-18 09:02:23 [INFO] src.features —    ✅ surface_x_chambres + surface_par_chambre créés
2026-05-18 09:02:23 [INFO] src.features —    ✅ ratio_chambres_bains créé
2026-05-18 09:02:23 [INFO] src.features —    ✅ score_luxe créé (4 équipements)
2026-05-18 09:02:23 [INFO] src.features —    ✅ Features temporelles créées depuis 'date_annonce'
2026-05-18 09:02:23 [INFO] src.features —    ✅ Stats géo appliquées
2026-05-18 09:02:23 [INFO] src.features — ✅ Test FE terminé : 25 colonnes
2026-05-18 09:02:23 [INFO] src.features —    ✅ categorie_prix ← type_bien
2026-05-18 09:02:23 [INFO] src.prepare — 
==================================================
2026-05-18 09:02:23 [INFO] src.prepare — 🔧 PRÉPARATION — Encoding + Scaling
2026-05-18 09:02:23 [INFO] src.prepare — ==================================================
2026-05-18 09:02:23 [INFO] src.prepare —    Numériques    : 22 | Catégorielles : 2
2026-05-18 09:02:23 [INFO] src.prepare —    Distribution classes : {'Appartement': 58, 'Villa': 52, 'Studio': 50}
2026-05-18 09:02:23 [INFO] src.prepare — 
✅ Train : 160 | Test : 40 | Features : 27
2026-05-18 09:02:23 [INFO] src.prepare — 🧹 Nettoyage de sécurité ...
2026-05-18 09:02:23 [INFO] src.prepare —    Lignes supprimées : 0 | Restantes : 200
2026-05-18 09:02:23 [INFO] src.prepare —    ✅ Split : 160 train | 40 test
2026-05-18 09:02:23 [INFO] src.features — 
==================================================
2026-05-18 09:02:23 [INFO] src.features — ⚙️  FEATURE ENGINEERING — TRAIN SET
2026-05-18 09:02:23 [INFO] src.features — ==================================================
2026-05-18 09:02:23 [INFO] src.features —    ✅ categorie_prix ← type_bien
2026-05-18 09:02:23 [INFO] src.features —    ✅ surface_x_chambres + surface_par_chambre créés
2026-05-18 09:02:23 [INFO] src.features —    ✅ ratio_chambres_bains créé
2026-05-18 09:02:23 [INFO] src.features —    ✅ score_luxe créé (4 équipements)
2026-05-18 09:02:23 [INFO] src.features —    ✅ Features temporelles créées depuis 'date_annonce'
2026-05-18 09:02:23 [INFO] src.features —    ✅ log_prix créé (train uniquement)
2026-05-18 09:02:23 [INFO] src.features —    ✅ prix_par_m2 + log_prix_par_m2 créés (train uniquement)
2026-05-18 09:02:23 [INFO] src.features —    ✅ Stats géo fittées sur 160 lignes train
2026-05-18 09:02:23 [INFO] src.features —    ✅ Stats géo appliquées
2026-05-18 09:02:23 [INFO] src.features — 
✅ Train FE terminé : 12 → 29 colonnes
2026-05-18 09:02:23 [INFO] src.features — 
⚙️  FEATURE ENGINEERING — TEST SET
2026-05-18 09:02:23 [INFO] src.features —    ✅ surface_x_chambres + surface_par_chambre créés
2026-05-18 09:02:23 [INFO] src.features —    ✅ ratio_chambres_bains créé
2026-05-18 09:02:23 [INFO] src.features —    ✅ score_luxe créé (4 équipements)
2026-05-18 09:02:23 [INFO] src.features —    ✅ Features temporelles créées depuis 'date_annonce'
2026-05-18 09:02:23 [INFO] src.features —    ✅ Stats géo appliquées
2026-05-18 09:02:23 [INFO] src.features — ✅ Test FE terminé : 25 colonnes
2026-05-18 09:02:23 [INFO] src.features —    ✅ categorie_prix ← type_bien
2026-05-18 09:02:23 [INFO] src.prepare — 
==================================================
2026-05-18 09:02:23 [INFO] src.prepare — 🔧 PRÉPARATION — Encoding + Scaling
2026-05-18 09:02:23 [INFO] src.prepare — ==================================================
2026-05-18 09:02:23 [INFO] src.prepare —    Numériques    : 22 | Catégorielles : 2
2026-05-18 09:02:23 [INFO] src.prepare —    Distribution classes : {'Appartement': 58, 'Villa': 52, 'Studio': 50}
2026-05-18 09:02:23 [INFO] src.prepare — 
✅ Train : 160 | Test : 40 | Features : 27
2026-05-18 09:02:23 [INFO] src.prepare — 🧹 Nettoyage de sécurité ...
2026-05-18 09:02:23 [INFO] src.prepare —    Lignes supprimées : 0 | Restantes : 200
2026-05-18 09:02:23 [INFO] src.prepare —    ✅ Split : 160 train | 40 test
2026-05-18 09:02:23 [INFO] src.features — 
==================================================
2026-05-18 09:02:23 [INFO] src.features — ⚙️  FEATURE ENGINEERING — TRAIN SET
2026-05-18 09:02:23 [INFO] src.features — ==================================================
2026-05-18 09:02:23 [INFO] src.features —    ✅ categorie_prix ← type_bien
2026-05-18 09:02:23 [INFO] src.features —    ✅ surface_x_chambres + surface_par_chambre créés
2026-05-18 09:02:23 [INFO] src.features —    ✅ ratio_chambres_bains créé
2026-05-18 09:02:23 [INFO] src.features —    ✅ score_luxe créé (4 équipements)
2026-05-18 09:02:23 [INFO] src.features —    ✅ Features temporelles créées depuis 'date_annonce'
2026-05-18 09:02:23 [INFO] src.features —    ✅ log_prix créé (train uniquement)
2026-05-18 09:02:23 [INFO] src.features —    ✅ prix_par_m2 + log_prix_par_m2 créés (train uniquement)
2026-05-18 09:02:23 [INFO] src.features —    ✅ Stats géo fittées sur 160 lignes train
2026-05-18 09:02:23 [INFO] src.features —    ✅ Stats géo appliquées
2026-05-18 09:02:23 [INFO] src.features — 
✅ Train FE terminé : 12 → 29 colonnes
2026-05-18 09:02:23 [INFO] src.features — 
⚙️  FEATURE ENGINEERING — TEST SET
2026-05-18 09:02:23 [INFO] src.features —    ✅ surface_x_chambres + surface_par_chambre créés
2026-05-18 09:02:23 [INFO] src.features —    ✅ ratio_chambres_bains créé
2026-05-18 09:02:23 [INFO] src.features —    ✅ score_luxe créé (4 équipements)
2026-05-18 09:02:23 [INFO] src.features —    ✅ Features temporelles créées depuis 'date_annonce'
2026-05-18 09:02:23 [INFO] src.features —    ✅ Stats géo appliquées
2026-05-18 09:02:23 [INFO] src.features — ✅ Test FE terminé : 25 colonnes
2026-05-18 09:02:23 [INFO] src.features —    ✅ categorie_prix ← type_bien
2026-05-18 09:02:23 [INFO] src.prepare — 
==================================================
2026-05-18 09:02:23 [INFO] src.prepare — 🔧 PRÉPARATION — Encoding + Scaling
2026-05-18 09:02:23 [INFO] src.prepare — ==================================================
2026-05-18 09:02:23 [INFO] src.prepare —    Numériques    : 22 | Catégorielles : 2
2026-05-18 09:02:23 [INFO] src.prepare —    Distribution classes : {'Appartement': 58, 'Villa': 52, 'Studio': 50}
2026-05-18 09:02:23 [INFO] src.prepare — 
✅ Train : 160 | Test : 40 | Features : 27
2026-05-18 09:02:23 [INFO] src.prepare — 🧹 Nettoyage de sécurité ...
2026-05-18 09:02:23 [INFO] src.prepare —    Lignes supprimées : 0 | Restantes : 200
2026-05-18 09:02:23 [INFO] src.prepare —    ✅ Split : 160 train | 40 test
2026-05-18 09:02:23 [INFO] src.features — 
==================================================
2026-05-18 09:02:23 [INFO] src.features — ⚙️  FEATURE ENGINEERING — TRAIN SET
2026-05-18 09:02:23 [INFO] src.features — ==================================================
2026-05-18 09:02:23 [INFO] src.features —    ✅ categorie_prix ← type_bien
2026-05-18 09:02:23 [INFO] src.features —    ✅ surface_x_chambres + surface_par_chambre créés
2026-05-18 09:02:23 [INFO] src.features —    ✅ ratio_chambres_bains créé
2026-05-18 09:02:23 [INFO] src.features —    ✅ score_luxe créé (4 équipements)
2026-05-18 09:02:23 [INFO] src.features —    ✅ Features temporelles créées depuis 'date_annonce'
2026-05-18 09:02:23 [INFO] src.features —    ✅ log_prix créé (train uniquement)
2026-05-18 09:02:23 [INFO] src.features —    ✅ prix_par_m2 + log_prix_par_m2 créés (train uniquement)
2026-05-18 09:02:23 [INFO] src.features —    ✅ Stats géo fittées sur 160 lignes train
2026-05-18 09:02:23 [INFO] src.features —    ✅ Stats géo appliquées
2026-05-18 09:02:23 [INFO] src.features — 
✅ Train FE terminé : 12 → 29 colonnes
2026-05-18 09:02:23 [INFO] src.features — 
⚙️  FEATURE ENGINEERING — TEST SET
2026-05-18 09:02:23 [INFO] src.features —    ✅ surface_x_chambres + surface_par_chambre créés
2026-05-18 09:02:23 [INFO] src.features —    ✅ ratio_chambres_bains créé
2026-05-18 09:02:23 [INFO] src.features —    ✅ score_luxe créé (4 équipements)
2026-05-18 09:02:23 [INFO] src.features —    ✅ Features temporelles créées depuis 'date_annonce'
2026-05-18 09:02:23 [INFO] src.features —    ✅ Stats géo appliquées
2026-05-18 09:02:23 [INFO] src.features — ✅ Test FE terminé : 25 colonnes
2026-05-18 09:02:23 [INFO] src.features —    ✅ categorie_prix ← type_bien
2026-05-18 09:02:23 [INFO] src.prepare — 
==================================================
2026-05-18 09:02:23 [INFO] src.prepare — 🔧 PRÉPARATION — Encoding + Scaling
2026-05-18 09:02:23 [INFO] src.prepare — ==================================================
2026-05-18 09:02:23 [INFO] src.prepare —    Numériques    : 22 | Catégorielles : 2
2026-05-18 09:02:23 [INFO] src.prepare —    Distribution classes : {'Appartement': 58, 'Villa': 52, 'Studio': 50}
2026-05-18 09:02:23 [INFO] src.prepare — 
✅ Train : 160 | Test : 40 | Features : 27
